wbs_id,proj_id,obs_id,seq_num,est_wt,proj_node_flag,sum_data_flag,status_code,wbs_short_name,wbs_name,phase_id,parent_wbs_id,ev_user_pct,ev_etc_user_value,orig_cost,indep_remain_total_cost,ann_dscnt_rate_pct,dscnt_period_type,indep_remain_work_qty,anticip_start_date,anticip_end_date,ev_compute_type,ev_etc_compute_type,guid,tmpl_guid,plan_open_state
54781,27164,540,100,1,Y,N,WS_Open,P01-1,Project 1,,54780,6,0.88,0.0000,0.0000,,,,,,EC_Cmp_pct,EE_Rem_hr,ocAATKZwckKmaqAv8IFqBQ,,
54782,27164,540,0,1,N,N,WS_Open,1,Scoping,,54781,6,0.88,0.0000,0.0000,,,,,,EC_Cmp_pct,EE_Rem_hr,KPrhIOBcq0CxBuz+TCX/Dw,LiP99OxBHE6e8YWnflFZAA,
54783,27164,540,100,1,N,N,WS_Open,2,Planning,,54781,6,0.88,0.0000,0.0000,,,,,,EC_Cmp_pct,EE_Rem_hr,7+pm/KcOYk+yw6vGiBI51g,t+yiAEUa8kmEel9iXPl1jQ,
54784,27164,540,200,1,N,N,WS_Open,3,Design,,54781,6,0.88,0.0000,0.0000,,,,,,EC_Cmp_pct,EE_Rem_hr,uWKK41jpZUeBv5hMXgt7jw,uZCJicSAskKBZZGdB6KipQ,
54785,27164,540,0,1,N,N,WS_Open,6,"Geotech, Seismic and Potholing",,54784,6,0.88,0.0000,0.0000,,,,,,EC_Cmp_pct,EE_Rem_hr,6btetidfwUGmawK/K1T1pg,zv2cGZAvXU+yn2YmeQGgGw,
54786,27164,540,1,1,N,N,WS_Open,1,Civil Design,,54784,6,0.88,0.0000,0.0000,,,,,,EC_Cmp_pct,EE_Rem_hr,Xecbmmc8UE6Dg0KO5ZbwSQ,f6LY1yCtSkGfqufkZOzisw,
54787,27164,540,2,1,N,N,WS_Open,2,Electrical Design,,54784,6,0.88,0.0000,0.0000,,,,,,EC_Cmp_pct,EE_Rem_hr,wZFpHOMCekm2kPeE690mGQ,ccTaZyl23kGWfk+9Pr/c4g,
54788,27164,540,3,1,N,N,WS_Open,3,Service Cutover Design,,54784,6,0.88,0.0000,0.0000,,,,,,EC_Cmp_pct,EE_Rem_hr,qLU8tpvXOUKgIB5wA3lOew,LYtr/+MGTE+Ul4y1tmMHVQ,
54789,27164,540,4,1,N,N,WS_Open,4,Substation Engineering Design,,54784,6,0.88,0.0000,0.0000,,,,,,EC_Cmp_pct,EE_Rem_hr,XZUwVQSYrEa4whnTnNIgkw,+WoQ5hXnQ0qQP2gPj72p5g,
54790,27164,540,5,1,N,N,WS_Open,5,Remove from Service (Existing OH) Design,,54784,6,0.88,0.0000,0.0000,,,,,,EC_Cmp_pct,EE_Rem_hr,EYEAGtVC+Em1l76LS4lSoA,YCEHU9AMu0GP7tEHedk+ew,
54791,27164,540,300,1,N,N,WS_Open,4,Procurement,,54781,6,0.88,0.0000,0.0000,,,,,,EC_Cmp_pct,EE_Rem_hr,P+tyDxpsz0WgZnoY7NzQpw,eGwLTZLSJEK0JXRuTnwZ1g,
54792,27164,540,400,1,N,N,WS_Open,5,Permitting,,54781,6,0.88,0.0000,0.0000,,,,,,EC_Cmp_pct,EE_Rem_hr,cdWR5SDhP0KG8nzREN4hVw,3Rt3d9UiF0yZS5yGCS+yCQ,
54793,27164,540,500,1,N,N,WS_Open,6,Public Affairs,,54781,6,0.88,0.0000,0.0000,,,,,,EC_Cmp_pct,EE_Rem_hr,eRnic4rwM0yqnhOehMOAjA,Mg5zveF+SE+XnMVH9UxmVA,
54794,27164,540,600,1,N,N,WS_Open,7,Land Services,,54781,6,0.88,0.0000,0.0000,,,,,,EC_Cmp_pct,EE_Rem_hr,LlzsQnfNY0CtB8ZeYpmsSw,4EOHrFZwYUuHQUOYkWSlhQ,
54795,27164,540,700,1,N,N,WS_Open,8,Environmental,,54781,6,0.88,0.0000,0.0000,,,,,,EC_Cmp_pct,EE_Rem_hr,SDCHkx3oMESTg3toOy+AbQ,xOz893rcQkOoWZdxhCHhzw,
54796,27164,540,800,1,N,N,WS_Open,9,Bid and Award - Contracting,,54781,6,0.88,0.0000,0.0000,,,,,,EC_Cmp_pct,EE_Rem_hr,NjJSaRCEnkOCAYNbWioQXw,JuFAf3+st0mehWU+BixdhA,
54797,27164,540,0,1,N,N,WS_Open,1,Civil Contractor,,54796,6,0.88,0.0000,0.0000,,,,,,EC_Cmp_pct,EE_Rem_hr,CLjeQVSgc0Wk2fA7nNYv0Q,sL0edTSibk24kIR8YGZGlA,
54798,27164,540,100,1,N,N,WS_Open,2,Electrical Contractor,,54796,6,0.88,0.0000,0.0000,,,,,,EC_Cmp_pct,EE_Rem_hr,b3892lyM9U+uDX59i1xbCg,OQ1a2Vdj10aNQ1DHNZCAAg,
54799,27164,540,900,1,N,N,WS_Open,10,Pre-Construction,,54781,6,0.88,0.0000,0.0000,,,,,,EC_Cmp_pct,EE_Rem_hr,CCAGufbARkeMPelVzrWu2g,w2IEvI3HxkG/r8iPw43SHA,
54800,27164,540,1000,1,N,N,WS_Open,11,Construction,,54781,6,0.88,0.0000,0.0000,,,,,,EC_Cmp_pct,EE_Rem_hr,JULp91bkx0SxKDwB6o+RsQ,ps6bgsnoSE+lHymfFiujgQ,
54801,27164,540,0,1,N,N,WS_Open,1,Civil Construction,,54800,6,0.88,0.0000,0.0000,,,,,,EC_Cmp_pct,EE_Rem_hr,Vrx8XW7bZ0WCwEQSwF09JA,AntdT7DgCkqc8NRvRtZhhg,
54802,27164,540,100,1,N,N,WS_Open,2,Electrical Construction,,54800,6,0.88,0.0000,0.0000,,,,,,EC_Cmp_pct,EE_Rem_hr,2PBz41TcUkKf/vCXstkFOQ,iJ6U6bPHREyfoVGI8s4/Gg,
54803,27164,540,200,1,N,N,WS_Open,3,Service Cutover,,54800,6,0.88,0.0000,0.0000,,,,,,EC_Cmp_pct,EE_Rem_hr,kesvD5QeGEW9VdHFecyvVw,T40QWEi/k0GbFvqc5MyXDg,
54804,27164,540,300,1,N,N,WS_Open,4,SCADA,,54800,6,0.88,0.0000,0.0000,,,,,,EC_Cmp_pct,EE_Rem_hr,GJfMt4305kuGKooRuyLCBg,sML+sIac00+/fYLN45DijA,
54805,27164,540,400,1,N,N,WS_Open,5,Substation,,54800,6,0.88,0.0000,0.0000,,,,,,EC_Cmp_pct,EE_Rem_hr,BWNVQIxzOkuV4M9yA0kE1Q,pGXJ9SLOZ0+P8kJHUWOgHw,
54806,27164,540,500,1,N,N,WS_Open,6,OH RFS,,54800,6,0.88,0.0000,0.0000,,,,,,EC_Cmp_pct,EE_Rem_hr,J6DPI6Oh6EiE1I5GliRsTQ,eST+nVQPQEWA5aUTHRef2Q,
54807,27164,540,600,1,N,N,WS_Open,7,(New WBS),,54800,6,0.88,0.0000,0.0000,,,,,,EC_Cmp_pct,EE_Rem_hr,3x8+eE9wQ0a0z4aIKyz3Ag,cQSkYQS7ekKETTZaK6TN8w,
54808,27164,540,1100,1,N,N,WS_Open,12,Closeout,,54781,6,0.88,0.0000,0.0000,,,,,,EC_Cmp_pct,EE_Rem_hr,kDXNxOSIr0uK/96DIkZNbA,aJGRCUkllE+avYMTaTm3Pg,
54809,27164,540,0,1,N,N,WS_Open,1,Technical,,54808,6,0.88,0.0000,0.0000,,,,,,EC_Cmp_pct,EE_Rem_hr,asUkUTuox0q+SudeiFxQXw,6STYY/rMuUCet5OTk4i/1w,
54810,27164,540,100,1,N,N,WS_Open,2,Accounting,,54808,6,0.88,0.0000,0.0000,,,,,,EC_Cmp_pct,EE_Rem_hr,JhBfaS6H7U+nv/UQy/LULQ,q8QpiOxyhkSCFWjCSZ6dhA,
54811,27165,540,111,1,Y,N,WS_Open,P02-1,Project 2,,54780,6,0.88,0.0000,0.0000,,,,,,EC_Cmp_pct,EE_Rem_hr,9j9oUwm9zUK86JGOeUyS7Q,,
54812,27165,540,0,1,N,N,WS_Open,1,Scoping,,54811,6,0.88,0.0000,0.0000,,,,,,EC_Cmp_pct,EE_Rem_hr,xzjCGJXI6UacNgi/xlmQXg,4FiIs9X5QEq6Dq54E0mPtA,
54813,27165,540,100,1,N,N,WS_Open,2,Planning,,54811,6,0.88,0.0000,0.0000,,,,,,EC_Cmp_pct,EE_Rem_hr,su/rfCT4QU6fQCK3CHWscA,IhbTXg1Y+EytpuCTTjCzHw,
54814,27165,540,200,1,N,N,WS_Open,3,Design,,54811,6,0.88,0.0000,0.0000,,,,,,EC_Cmp_pct,EE_Rem_hr,VswUUoMo20GqAzV0idMl0Q,92ul/fTmXEquofH1mi9Qag,
54815,27165,540,0,1,N,N,WS_Open,6,"Geotech, Seismic and Potholing",,54814,6,0.88,0.0000,0.0000,,,,,,EC_Cmp_pct,EE_Rem_hr,aBjzq3R8SUyAJkfI9H1Iow,Txgskn61t0m2SQHkKpsa0A,
54816,27165,540,1,1,N,N,WS_Open,1,Civil Design,,54814,6,0.88,0.0000,0.0000,,,,,,EC_Cmp_pct,EE_Rem_hr,x3QRw6iwo0GPKI5ivft/ug,tQz539UQqE6oiNODRPWENQ,
54817,27165,540,2,1,N,N,WS_Open,2,Electrical Design,,54814,6,0.88,0.0000,0.0000,,,,,,EC_Cmp_pct,EE_Rem_hr,xdVqVcdWuEyhJVzOU9/FHA,scwiJUBaUUq5W1sPgeS1gg,
54818,27165,540,3,1,N,N,WS_Open,3,Service Cutover Design,,54814,6,0.88,0.0000,0.0000,,,,,,EC_Cmp_pct,EE_Rem_hr,/7IhslPo8kSPRitps7hhZg,URrF85ffq0+kZryZbEkK4w,
54819,27165,540,4,1,N,N,WS_Open,4,Substation Engineering Design,,54814,6,0.88,0.0000,0.0000,,,,,,EC_Cmp_pct,EE_Rem_hr,GSKi8sBFskenIl2vLwJpww,4sZvqWe21UGRoLNHrQUw0Q,
54820,27165,540,5,1,N,N,WS_Open,5,Remove from Service (Existing OH) Design,,54814,6,0.88,0.0000,0.0000,,,,,,EC_Cmp_pct,EE_Rem_hr,6bXqTL3t+k2MsufmjhVzTg,x4ZcI4Vw3EeIKoSFWHwRUQ,
54821,27165,540,300,1,N,N,WS_Open,4,Procurement,,54811,6,0.88,0.0000,0.0000,,,,,,EC_Cmp_pct,EE_Rem_hr,wHewQvJJeEeJMUZ95FDF0Q,UwIf+n81s0SeK9amjAWl7A,
54822,27165,540,400,1,N,N,WS_Open,5,Permitting,,54811,6,0.88,0.0000,0.0000,,,,,,EC_Cmp_pct,EE_Rem_hr,DxkILrDFDECT+EKtdT33Kg,FNwwsQwHyEm3QP+y9BoDmw,
54823,27165,540,500,1,N,N,WS_Open,6,Public Affairs,,54811,6,0.88,0.0000,0.0000,,,,,,EC_Cmp_pct,EE_Rem_hr,V1KTZZbds0+jn4qTR2Gm3Q,196WOgvTC0SmJEa20xKybA,
54824,27165,540,600,1,N,N,WS_Open,7,Land Services,,54811,6,0.88,0.0000,0.0000,,,,,,EC_Cmp_pct,EE_Rem_hr,NVWUW9CVZUC4dsHi7gAs8g,RFQgj0oKK0+r+Jb4XGwFig,
54825,27165,540,700,1,N,N,WS_Open,8,Environmental,,54811,6,0.88,0.0000,0.0000,,,,,,EC_Cmp_pct,EE_Rem_hr,FAGpluHLpUCxHO0PW73iEw,tQpa/Od0CkS82CSmPSZwWg,
54826,27165,540,800,1,N,N,WS_Open,9,Bid and Award - Contracting,,54811,6,0.88,0.0000,0.0000,,,,,,EC_Cmp_pct,EE_Rem_hr,BhQZuJtUu0+TKzjtDXmT1A,jKPtn8DVEEWh+OYvMD3ecw,
54827,27165,540,0,1,N,N,WS_Open,1,Civil Contractor,,54826,6,0.88,0.0000,0.0000,,,,,,EC_Cmp_pct,EE_Rem_hr,FwAVOAC4/0yoHH5a5lRwcg,Aw5v2bUS+0K38WqKmsxNcw,
54828,27165,540,100,1,N,N,WS_Open,2,Electrical Contractor,,54826,6,0.88,0.0000,0.0000,,,,,,EC_Cmp_pct,EE_Rem_hr,mWha+EocakasHvPvo5bs+A,s/gNJCMjf0OUwYpQrcqVPQ,
54829,27165,540,900,1,N,N,WS_Open,10,Pre-Construction,,54811,6,0.88,0.0000,0.0000,,,,,,EC_Cmp_pct,EE_Rem_hr,uonzLX5H6k6gXrvu6CjlyA,UqMYGPOHDUKC/eC4U2OBag,
54830,27165,540,1000,1,N,N,WS_Open,11,Construction,,54811,6,0.88,0.0000,0.0000,,,,,,EC_Cmp_pct,EE_Rem_hr,jzNTibuckESrY8ccUjahgw,RM5G0syJ9EKT94g+Ni+63g,
54831,27165,540,0,1,N,N,WS_Open,1,Civil Construction,,54830,6,0.88,0.0000,0.0000,,,,,,EC_Cmp_pct,EE_Rem_hr,aaTmtxv0RUqWz1ogHPQOCQ,pXFQQtL1bEydgL/vJ7tqGQ,
54832,27165,540,100,1,N,N,WS_Open,2,Electrical Construction,,54830,6,0.88,0.0000,0.0000,,,,,,EC_Cmp_pct,EE_Rem_hr,N3Jehw2NAEi+uC/4TzDyxg,ONlWFdL5xESNZ0HQLfrAow,
54833,27165,540,200,1,N,N,WS_Open,3,Service Cutover,,54830,6,0.88,0.0000,0.0000,,,,,,EC_Cmp_pct,EE_Rem_hr,nIH9B6RjM0GD8noFxy8BjA,dyTZvMT9WkS1IorFC+o7Tg,
54834,27165,540,300,1,N,N,WS_Open,4,SCADA,,54830,6,0.88,0.0000,0.0000,,,,,,EC_Cmp_pct,EE_Rem_hr,XQjQVP9so0OzMf73a9t+jw,U/WWB2PbPkCBTzcbmGZgdA,
54835,27165,540,400,1,N,N,WS_Open,5,Substation,,54830,6,0.88,0.0000,0.0000,,,,,,EC_Cmp_pct,EE_Rem_hr,ZNCxeWqHnkWwxsEBsZwPuw,c5NK8lMFWU6ouTCZh2g7Lg,
54836,27165,540,500,1,N,N,WS_Open,6,OH RFS,,54830,6,0.88,0.0000,0.0000,,,,,,EC_Cmp_pct,EE_Rem_hr,/Lvz7GB+PU6hJ2LD0MfCWQ,BhR7+BGLbEui2Y2TsUIACQ,
54837,27165,540,600,1,N,N,WS_Open,7,(New WBS),,54830,6,0.88,0.0000,0.0000,,,,,,EC_Cmp_pct,EE_Rem_hr,HdvyyGTMwEq5F41xvJYydw,po2XAvVVbkyJhLW/X9En4g,
54838,27165,540,1100,1,N,N,WS_Open,12,Closeout,,54811,6,0.88,0.0000,0.0000,,,,,,EC_Cmp_pct,EE_Rem_hr,fqRnS83yE0mF6p2UGftsvw,+7euOsyzK0Cei0dYURpsRQ,
54839,27165,540,0,1,N,N,WS_Open,1,Technical,,54838,6,0.88,0.0000,0.0000,,,,,,EC_Cmp_pct,EE_Rem_hr,N7PyS9sxW0GLfdpeBOl9rg,mUxn6PHUCkaKXdnEeuT3bQ,
54840,27165,540,100,1,N,N,WS_Open,2,Accounting,,54838,6,0.88,0.0000,0.0000,,,,,,EC_Cmp_pct,EE_Rem_hr,Uc9aHGDTzkC/wNZqKZPVVQ,kASKktwvVkyQmEZLAHSnrw,
54841,27166,540,122,1,Y,N,WS_Open,P03-1,Project 3,,54780,6,0.88,0.0000,0.0000,,,,,,EC_Cmp_pct,EE_Rem_hr,w8PbpTCQIkqQ1QUf+ogngA,,
54842,27166,540,0,1,N,N,WS_Open,1,Scoping,,54841,6,0.88,0.0000,0.0000,,,,,,EC_Cmp_pct,EE_Rem_hr,lCn4YRa9/UCI29DOE62U6A,HCib9+W44k6BrmSVop6Bqg,
54843,27166,540,100,1,N,N,WS_Open,2,Planning,,54841,6,0.88,0.0000,0.0000,,,,,,EC_Cmp_pct,EE_Rem_hr,H71+pxZbCkK2hVHudePs9w,2JPa+sVEbUWQeSnnSJSwEg,
54844,27166,540,200,1,N,N,WS_Open,3,Design,,54841,6,0.88,0.0000,0.0000,,,,,,EC_Cmp_pct,EE_Rem_hr,mZCzqYuFHkmOu1472i3VRg,Wf4KD9emrkyQNpp8MjOPbw,
54845,27166,540,0,1,N,N,WS_Open,6,"Geotech, Seismic and Potholing",,54844,6,0.88,0.0000,0.0000,,,,,,EC_Cmp_pct,EE_Rem_hr,OHkSclcbl02VW/zaqclkYA,BXKA0a75YUWJrVSUZ5Q2pw,
54846,27166,540,1,1,N,N,WS_Open,1,Civil Design,,54844,6,0.88,0.0000,0.0000,,,,,,EC_Cmp_pct,EE_Rem_hr,653oi1I5wU+bLdK1pJPvMA,2nUyybNyyEGfaVcRTw2bcQ,
54847,27166,540,2,1,N,N,WS_Open,2,Electrical Design,,54844,6,0.88,0.0000,0.0000,,,,,,EC_Cmp_pct,EE_Rem_hr,1CjSXfMwjUSpyC0sgF3vcA,/Sk7XFQMLEmnK7sEummtig,
54848,27166,540,3,1,N,N,WS_Open,3,Service Cutover Design,,54844,6,0.88,0.0000,0.0000,,,,,,EC_Cmp_pct,EE_Rem_hr,Bf/uv4V9KkaijeKnC4Bcmw,n3xkykzSa0CURP1k2XgsAw,
54849,27166,540,4,1,N,N,WS_Open,4,Substation Engineering Design,,54844,6,0.88,0.0000,0.0000,,,,,,EC_Cmp_pct,EE_Rem_hr,EU9vYhHdWESfNm5eE7Tj2g,92SKOb+1wE2HOEGvnpQ6Dg,
54850,27166,540,5,1,N,N,WS_Open,5,Remove from Service (Existing OH) Design,,54844,6,0.88,0.0000,0.0000,,,,,,EC_Cmp_pct,EE_Rem_hr,1At4TdT8tE65dxU3Goecxg,mavCWELsf0y6JvexsIM40w,
54851,27166,540,300,1,N,N,WS_Open,4,Procurement,,54841,6,0.88,0.0000,0.0000,,,,,,EC_Cmp_pct,EE_Rem_hr,IC30BJMAFUOGoN0UG25Cbg,UO6alf8sSUC5Mgc0N0FIEQ,
54852,27166,540,400,1,N,N,WS_Open,5,Permitting,,54841,6,0.88,0.0000,0.0000,,,,,,EC_Cmp_pct,EE_Rem_hr,hiF4X7IKeU6AgZ61iC6Txg,UJfUeQU/D0GQ5B71bh6Vwg,
54853,27166,540,500,1,N,N,WS_Open,6,Public Affairs,,54841,6,0.88,0.0000,0.0000,,,,,,EC_Cmp_pct,EE_Rem_hr,UBzn2IBQ+U68Hr4QtS4jmw,N/n26D0LNkmO1+2OZYKc0Q,
54854,27166,540,600,1,N,N,WS_Open,7,Land Services,,54841,6,0.88,0.0000,0.0000,,,,,,EC_Cmp_pct,EE_Rem_hr,/YZM8WzadEaJj1wW8B8gGg,Z+cCbfiW4EO/hJ/P8MhMYA,
54855,27166,540,700,1,N,N,WS_Open,8,Environmental,,54841,6,0.88,0.0000,0.0000,,,,,,EC_Cmp_pct,EE_Rem_hr,xxcVQ4V0HE28kt8J8b/7bg,SlH0UTGx6k+vx+tpqjyCfA,
54856,27166,540,800,1,N,N,WS_Open,9,Bid and Award - Contracting,,54841,6,0.88,0.0000,0.0000,,,,,,EC_Cmp_pct,EE_Rem_hr,2ulqshfSY0+7mbc/ID86iQ,oXaGMVkV7k+O2rKFV5CgIQ,
54857,27166,540,0,1,N,N,WS_Open,1,Civil Contractor,,54856,6,0.88,0.0000,0.0000,,,,,,EC_Cmp_pct,EE_Rem_hr,5N/pR1A5J0a5eHEUQcQ29A,xawLlXeMm0SKjCkgMi0BVQ,
54858,27166,540,100,1,N,N,WS_Open,2,Electrical Contractor,,54856,6,0.88,0.0000,0.0000,,,,,,EC_Cmp_pct,EE_Rem_hr,CTsSQhi6zkCvPJWrxG++Qw,fuJ2V5hDm0u1Lgl4Jb1Lig,
54859,27166,540,900,1,N,N,WS_Open,10,Pre-Construction,,54841,6,0.88,0.0000,0.0000,,,,,,EC_Cmp_pct,EE_Rem_hr,hbKAm22OJkWkYVSdBlIpdQ,fTalWN18MUCCZ0wpnGs2Jg,
54860,27166,540,1000,1,N,N,WS_Open,11,Construction,,54841,6,0.88,0.0000,0.0000,,,,,,EC_Cmp_pct,EE_Rem_hr,sxKQJc606UWaiSy4UloIBQ,pLlaZAJ660adzq/COO5Pzg,
54861,27166,540,0,1,N,N,WS_Open,1,Civil Construction,,54860,6,0.88,0.0000,0.0000,,,,,,EC_Cmp_pct,EE_Rem_hr,wYM6cOLiS0ma4Lg632n0jg,24ejp7NYWUmveC5iiv8JRg,
54862,27166,540,100,1,N,N,WS_Open,2,Electrical Construction,,54860,6,0.88,0.0000,0.0000,,,,,,EC_Cmp_pct,EE_Rem_hr,HYJntP5raEGNgNtPCeCiMg,6SuABNNYFk++ELbnH2GYRQ,
54863,27166,540,200,1,N,N,WS_Open,3,Service Cutover,,54860,6,0.88,0.0000,0.0000,,,,,,EC_Cmp_pct,EE_Rem_hr,zKb4Fyo3iEeE4XkIf5mTaA,5iuhL6wAfEmrBzE851+zjQ,
54864,27166,540,300,1,N,N,WS_Open,4,SCADA,,54860,6,0.88,0.0000,0.0000,,,,,,EC_Cmp_pct,EE_Rem_hr,ysv+2OdjqUOlqFdV964Eaw,mKYcRjtJpUOAwZzp6uzfaw,
54865,27166,540,400,1,N,N,WS_Open,5,Substation,,54860,6,0.88,0.0000,0.0000,,,,,,EC_Cmp_pct,EE_Rem_hr,uD1AXKL0m0yHkClzdj5CHg,eAfnEZnpQEqPgj7GaYSYqQ,
54866,27166,540,500,1,N,N,WS_Open,6,OH RFS,,54860,6,0.88,0.0000,0.0000,,,,,,EC_Cmp_pct,EE_Rem_hr,9PioSGUoJkWFkf2iQbZZtQ,YO3hYLoIcEu70hQNsGtUZA,
54867,27166,540,600,1,N,N,WS_Open,7,(New WBS),,54860,6,0.88,0.0000,0.0000,,,,,,EC_Cmp_pct,EE_Rem_hr,eO0ZwIizCk2Z9IrdGVz94Q,2a7YpApsJkCMn9G7+YYmmw,
54868,27166,540,1100,1,N,N,WS_Open,12,Closeout,,54841,6,0.88,0.0000,0.0000,,,,,,EC_Cmp_pct,EE_Rem_hr,6VU6KVH2n0Oa/8AVmASuSQ,iaRkJmoCeEqSPgte2QaC7Q,
54869,27166,540,0,1,N,N,WS_Open,1,Technical,,54868,6,0.88,0.0000,0.0000,,,,,,EC_Cmp_pct,EE_Rem_hr,GCg6R/j9z06r2+Q11igDsA,HcfXc8rAfk+c/1D42GZZMA,
54870,27166,540,100,1,N,N,WS_Open,2,Accounting,,54868,6,0.88,0.0000,0.0000,,,,,,EC_Cmp_pct,EE_Rem_hr,R0uKU67Wu06gwWr1GBqbTQ,SUWs87idoES4V8L36pNFSQ,
54871,27167,540,133,1,Y,N,WS_Open,P04-1,Project 4,,54780,6,0.88,0.0000,0.0000,,,,,,EC_Cmp_pct,EE_Rem_hr,o21j7dYW5U6hRZJ957m5Rg,,
54872,27167,540,0,1,N,N,WS_Open,1,Scoping,,54871,6,0.88,0.0000,0.0000,,,,,,EC_Cmp_pct,EE_Rem_hr,O6XNhnV5MkyKJitExO/hZw,XnifjwL/5kG9nu/kTR/pTQ,
54873,27167,540,100,1,N,N,WS_Open,2,Planning,,54871,6,0.88,0.0000,0.0000,,,,,,EC_Cmp_pct,EE_Rem_hr,SC32VhhyhUShfM+zQViYMA,4Z/tQW6etUO5Nh+/Kt8eOA,
54874,27167,540,200,1,N,N,WS_Open,3,Design,,54871,6,0.88,0.0000,0.0000,,,,,,EC_Cmp_pct,EE_Rem_hr,8HmeQbjbykubcY4ssvAdyQ,QLwNmp4VE0iWj62Qwtj0VQ,
54875,27167,540,0,1,N,N,WS_Open,6,"Geotech, Seismic and Potholing",,54874,6,0.88,0.0000,0.0000,,,,,,EC_Cmp_pct,EE_Rem_hr,W6Lva54/mk20K6rV+1cd5Q,BAjcJhEccEaht/Kd9fYzNQ,
54876,27167,540,1,1,N,N,WS_Open,1,Civil Design,,54874,6,0.88,0.0000,0.0000,,,,,,EC_Cmp_pct,EE_Rem_hr,/LossDNAzki8/Ts2Mn86+w,FFsakLZ+iUaUuIzJndkYUg,
54877,27167,540,2,1,N,N,WS_Open,2,Electrical Design,,54874,6,0.88,0.0000,0.0000,,,,,,EC_Cmp_pct,EE_Rem_hr,HsrwZecib0W7aFcMIfLI6A,Ufu2OaTXQUmWdNroRAQQjw,
54878,27167,540,3,1,N,N,WS_Open,3,Service Cutover Design,,54874,6,0.88,0.0000,0.0000,,,,,,EC_Cmp_pct,EE_Rem_hr,WRxFVwWxekuPlSlHrXMgQA,aXWAUpJiXEe/FIofHSrDLQ,
54879,27167,540,4,1,N,N,WS_Open,4,Substation Engineering Design,,54874,6,0.88,0.0000,0.0000,,,,,,EC_Cmp_pct,EE_Rem_hr,k+2YEFf2IEemOJU2kOdfqQ,51Df/oOEI0GpYnFj0ceXEA,
54880,27167,540,5,1,N,N,WS_Open,5,Remove from Service (Existing OH) Design,,54874,6,0.88,0.0000,0.0000,,,,,,EC_Cmp_pct,EE_Rem_hr,9Kgawo9QmUGAZ+j1Hr3bRw,WXmba9n+aEGtupDCYyNiOw,
54881,27167,540,300,1,N,N,WS_Open,4,Procurement,,54871,6,0.88,0.0000,0.0000,,,,,,EC_Cmp_pct,EE_Rem_hr,aocTEtQQKEuJTGeSSyoBww,HigYZJVSpUWbdStXR8p4qQ,
54882,27167,540,400,1,N,N,WS_Open,5,Permitting,,54871,6,0.88,0.0000,0.0000,,,,,,EC_Cmp_pct,EE_Rem_hr,9JXRIHRgs062TbnTF7Yniw,yZ+m2AnfeEyVa5R5YNj9oQ,
54883,27167,540,500,1,N,N,WS_Open,6,Public Affairs,,54871,6,0.88,0.0000,0.0000,,,,,,EC_Cmp_pct,EE_Rem_hr,YhHBzkWJbU2nUotKP4oT5A,N3Lj3kPHnUylNUA8rsJF4Q,
54884,27167,540,600,1,N,N,WS_Open,7,Land Services,,54871,6,0.88,0.0000,0.0000,,,,,,EC_Cmp_pct,EE_Rem_hr,jU8WprAFeUy76+OH49aMmA,egPO5u7uP0q4LQ6OnliJhg,
54885,27167,540,700,1,N,N,WS_Open,8,Environmental,,54871,6,0.88,0.0000,0.0000,,,,,,EC_Cmp_pct,EE_Rem_hr,kTLgdPTjXkqNv4Pvwdo+wA,23rNx0FxOkGMUEEkMg6eNQ,
54886,27167,540,800,1,N,N,WS_Open,9,Bid and Award - Contracting,,54871,6,0.88,0.0000,0.0000,,,,,,EC_Cmp_pct,EE_Rem_hr,X8Sz/gbk80+K+y30j1uVhA,Fq7mPIh18ESnlAa4pUOz0Q,
54887,27167,540,0,1,N,N,WS_Open,1,Civil Contractor,,54886,6,0.88,0.0000,0.0000,,,,,,EC_Cmp_pct,EE_Rem_hr,m4AepoV6V02eCDUPKDJ/eA,WGfpFl5XpES6rQKEwcYivg,
54888,27167,540,100,1,N,N,WS_Open,2,Electrical Contractor,,54886,6,0.88,0.0000,0.0000,,,,,,EC_Cmp_pct,EE_Rem_hr,UH4incpjjkKq5vErIkYhyA,IwT/BLYVY0Wv17zTMeyelg,
54889,27167,540,900,1,N,N,WS_Open,10,Pre-Construction,,54871,6,0.88,0.0000,0.0000,,,,,,EC_Cmp_pct,EE_Rem_hr,02L1joo1MEKUbHjaQSGo6w,zf9xwDHum0Wa2hYnoQXo+Q,
54890,27167,540,1000,1,N,N,WS_Open,11,Construction,,54871,6,0.88,0.0000,0.0000,,,,,,EC_Cmp_pct,EE_Rem_hr,7BQr77JW2UmuNc6qWzDMIA,N66uRpms2kiXnq+DqIJvzQ,
54891,27167,540,0,1,N,N,WS_Open,1,Civil Construction,,54890,6,0.88,0.0000,0.0000,,,,,,EC_Cmp_pct,EE_Rem_hr,csecK/AfvUqn5L1fuaz9MQ,FmU5JZLrikWyNzu0lkz9JQ,
54892,27167,540,100,1,N,N,WS_Open,2,Electrical Construction,,54890,6,0.88,0.0000,0.0000,,,,,,EC_Cmp_pct,EE_Rem_hr,a4qEarZiikqLmUkKTa34xA,B3DUO+Ptx025EIL8/lLcEQ,
54893,27167,540,200,1,N,N,WS_Open,3,Service Cutover,,54890,6,0.88,0.0000,0.0000,,,,,,EC_Cmp_pct,EE_Rem_hr,r9zicn9z+0y27QH63U0LBQ,eLNY8DYjx0aJRnZ7mzl/1Q,
54894,27167,540,300,1,N,N,WS_Open,4,SCADA,,54890,6,0.88,0.0000,0.0000,,,,,,EC_Cmp_pct,EE_Rem_hr,RkTe8mSLok6IEx1Ta5dflg,VA6ZMiIECEOjwBXAIpxTQQ,
54895,27167,540,400,1,N,N,WS_Open,5,Substation,,54890,6,0.88,0.0000,0.0000,,,,,,EC_Cmp_pct,EE_Rem_hr,VGNV7hUvt0ONClsKXOy32w,e4e6Kd9g50a0xWe+WJbi+A,
54896,27167,540,500,1,N,N,WS_Open,6,OH RFS,,54890,6,0.88,0.0000,0.0000,,,,,,EC_Cmp_pct,EE_Rem_hr,roo5nyqdMUu0f8bvBDziGg,2qENfPZ1Bk6nerfFepXmXg,
54897,27167,540,600,1,N,N,WS_Open,7,(New WBS),,54890,6,0.88,0.0000,0.0000,,,,,,EC_Cmp_pct,EE_Rem_hr,IlpsXCmMWUa3qTcgIcS8mg,G85Vq+Gb20yhu0Ixft1pCw,
54898,27167,540,1100,1,N,N,WS_Open,12,Closeout,,54871,6,0.88,0.0000,0.0000,,,,,,EC_Cmp_pct,EE_Rem_hr,6DHfV4FKZkSDGvfS2w64gA,OsGSoo/BCkSdV6POSf2pWg,
54899,27167,540,0,1,N,N,WS_Open,1,Technical,,54898,6,0.88,0.0000,0.0000,,,,,,EC_Cmp_pct,EE_Rem_hr,FTBs8BzWckuQ53JDQUF0Wg,mg60aKYONEe+/4qsLSFmHA,
54900,27167,540,100,1,N,N,WS_Open,2,Accounting,,54898,6,0.88,0.0000,0.0000,,,,,,EC_Cmp_pct,EE_Rem_hr,5VOLIy3pqUuGaVXBpH6j6w,cknD/NmWm0GS3eixHmDVsA,
54901,27168,540,144,1,Y,N,WS_Open,P05-1,Project 5,,54780,6,0.88,0.0000,0.0000,,,,,,EC_Cmp_pct,EE_Rem_hr,sWrLZmDiuUCmUmorlt5rAQ,,
54902,27168,540,0,1,N,N,WS_Open,1,Scoping,,54901,6,0.88,0.0000,0.0000,,,,,,EC_Cmp_pct,EE_Rem_hr,2a3I/4sdZEeJyqGW7idSkg,qO3H1n7LokG1IldmfBTHTQ,
54903,27168,540,100,1,N,N,WS_Open,2,Planning,,54901,6,0.88,0.0000,0.0000,,,,,,EC_Cmp_pct,EE_Rem_hr,sg3e8hGUHkiefBjEknnyqw,njErQUmYVEeWF/4G7Hc/eA,
54904,27168,540,200,1,N,N,WS_Open,3,Design,,54901,6,0.88,0.0000,0.0000,,,,,,EC_Cmp_pct,EE_Rem_hr,Ky5Tthgf0U60Fvv1YL4i4w,iu/V6KzFrUu5IPTRbfp2NQ,
54905,27168,540,0,1,N,N,WS_Open,6,"Geotech, Seismic and Potholing",,54904,6,0.88,0.0000,0.0000,,,,,,EC_Cmp_pct,EE_Rem_hr,XmXwInsNTkK5e1gtXKnOMA,Xai2IBxENkCHd0NbxiYBZA,
54906,27168,540,1,1,N,N,WS_Open,1,Civil Design,,54904,6,0.88,0.0000,0.0000,,,,,,EC_Cmp_pct,EE_Rem_hr,IRD0SLls3kyE/gFtzD5dRg,PmjgkA2P8EaMdxghblP5RQ,
54907,27168,540,2,1,N,N,WS_Open,2,Electrical Design,,54904,6,0.88,0.0000,0.0000,,,,,,EC_Cmp_pct,EE_Rem_hr,88+hZ06sKUacRM2/05qnqA,W49V85E+hkalhC3nmOhbOg,
54908,27168,540,3,1,N,N,WS_Open,3,Service Cutover Design,,54904,6,0.88,0.0000,0.0000,,,,,,EC_Cmp_pct,EE_Rem_hr,8VElBeiwLESuiz5VjMWu/Q,3kX3ctNCpEqDrU1FV4BcMA,
54909,27168,540,4,1,N,N,WS_Open,4,Substation Engineering Design,,54904,6,0.88,0.0000,0.0000,,,,,,EC_Cmp_pct,EE_Rem_hr,zJyWUXxEike5mOAg5wDg7g,JzRPXXKmH0yEh8fGXCGayQ,
54910,27168,540,5,1,N,N,WS_Open,5,Remove from Service (Existing OH) Design,,54904,6,0.88,0.0000,0.0000,,,,,,EC_Cmp_pct,EE_Rem_hr,ezJj7UyC80C3f7JVJduvYw,oEX3P8k34kakqcAZo4nnqw,
54911,27168,540,300,1,N,N,WS_Open,4,Procurement,,54901,6,0.88,0.0000,0.0000,,,,,,EC_Cmp_pct,EE_Rem_hr,2psrXUsYL0mFWPxEs1Rd9Q,A07un5TOvUq/bglbmBG6Bw,
54912,27168,540,400,1,N,N,WS_Open,5,Permitting,,54901,6,0.88,0.0000,0.0000,,,,,,EC_Cmp_pct,EE_Rem_hr,QNzkboBY7kasEc2Ir90XYA,o22dLOvLmk+/vu0qdhSAww,
54913,27168,540,500,1,N,N,WS_Open,6,Public Affairs,,54901,6,0.88,0.0000,0.0000,,,,,,EC_Cmp_pct,EE_Rem_hr,j3CNFEYo10ekA93K7w6V1Q,1Oro/CGhJ0upPJHu/8zlNg,
54914,27168,540,600,1,N,N,WS_Open,7,Land Services,,54901,6,0.88,0.0000,0.0000,,,,,,EC_Cmp_pct,EE_Rem_hr,KhXH6arahEOjBKYlB6xrqw,J0ZZP4PvCU+/fO+dEzFEmg,
54915,27168,540,700,1,N,N,WS_Open,8,Environmental,,54901,6,0.88,0.0000,0.0000,,,,,,EC_Cmp_pct,EE_Rem_hr,CHYq+dj4RU66wmKndF1ROQ,47EWewj8kEShIzC1iTjS6w,
54916,27168,540,800,1,N,N,WS_Open,9,Bid and Award - Contracting,,54901,6,0.88,0.0000,0.0000,,,,,,EC_Cmp_pct,EE_Rem_hr,yoyVovAQxEq+v72vt3foRg,BB3y5MOmT0KeO6r4/ym4fA,
54917,27168,540,0,1,N,N,WS_Open,1,Civil Contractor,,54916,6,0.88,0.0000,0.0000,,,,,,EC_Cmp_pct,EE_Rem_hr,SJ/NpH4Bi0+8EVelOs4Klg,gFblnC21bECT7joBnvDelQ,
54918,27168,540,100,1,N,N,WS_Open,2,Electrical Contractor,,54916,6,0.88,0.0000,0.0000,,,,,,EC_Cmp_pct,EE_Rem_hr,kqYVcpqe8UqouEHqijjjYg,+cWyRrJYski70EhmpONrEA,
54919,27168,540,900,1,N,N,WS_Open,10,Pre-Construction,,54901,6,0.88,0.0000,0.0000,,,,,,EC_Cmp_pct,EE_Rem_hr,XtnP53KTsEWzGSypqcnkOw,SGmEyvXBQEyL2lVh2WpK1w,
54920,27168,540,1000,1,N,N,WS_Open,11,Construction,,54901,6,0.88,0.0000,0.0000,,,,,,EC_Cmp_pct,EE_Rem_hr,mHS1QqcgDUKIVb4Jgf+WFA,86YaZU6sukuuQwPJDrhkfw,
54921,27168,540,0,1,N,N,WS_Open,1,Civil Construction,,54920,6,0.88,0.0000,0.0000,,,,,,EC_Cmp_pct,EE_Rem_hr,ZsE90bQ/RE6ihaokp4ltMQ,5DFMKpvgD0OVmbAPC7RTXg,
54922,27168,540,100,1,N,N,WS_Open,2,Electrical Construction,,54920,6,0.88,0.0000,0.0000,,,,,,EC_Cmp_pct,EE_Rem_hr,68E/oozFcEmLyjVUjq1eug,E0+30qhp2UKnQgR9/saGTA,
54923,27168,540,200,1,N,N,WS_Open,3,Service Cutover,,54920,6,0.88,0.0000,0.0000,,,,,,EC_Cmp_pct,EE_Rem_hr,wUxhAPXqwUmYQn1PeYJ+4A,Bwrm6n1jRkyNUeAUDNPL2Q,
54924,27168,540,300,1,N,N,WS_Open,4,SCADA,,54920,6,0.88,0.0000,0.0000,,,,,,EC_Cmp_pct,EE_Rem_hr,pdTnwKL8tkaHsgxL1DbV4w,D89Zru+fc0iYWPHxsZauiA,
54925,27168,540,400,1,N,N,WS_Open,5,Substation,,54920,6,0.88,0.0000,0.0000,,,,,,EC_Cmp_pct,EE_Rem_hr,Xo6CnyL3XUaAJ4P3WH3WOA,YXeDbxU+/0u2m2xzp0iNQQ,
54926,27168,540,500,1,N,N,WS_Open,6,OH RFS,,54920,6,0.88,0.0000,0.0000,,,,,,EC_Cmp_pct,EE_Rem_hr,IOBjnss8TU+sWxqp7wab7A,M1+MAMJPbkGiZioi6mfDCQ,
54927,27168,540,600,1,N,N,WS_Open,7,(New WBS),,54920,6,0.88,0.0000,0.0000,,,,,,EC_Cmp_pct,EE_Rem_hr,2hWTGZ70eku2IBJIvwokNQ,mo+a8D86HkebGI3K66uM/Q,
54928,27168,540,1100,1,N,N,WS_Open,12,Closeout,,54901,6,0.88,0.0000,0.0000,,,,,,EC_Cmp_pct,EE_Rem_hr,GHXCfma08Ees51Wl+mP6bA,966mmtl8EUuwdsHwtSlxeQ,
54929,27168,540,0,1,N,N,WS_Open,1,Technical,,54928,6,0.88,0.0000,0.0000,,,,,,EC_Cmp_pct,EE_Rem_hr,2kNbxXl+LUC61T4hjEb/xg,km8YrWx4VUWM81F9lCqrFw,
54930,27168,540,100,1,N,N,WS_Open,2,Accounting,,54928,6,0.88,0.0000,0.0000,,,,,,EC_Cmp_pct,EE_Rem_hr,n85eJh/TtUyiqMwXcAx15Q,te2dp9EqCU2KGbE66eYS1A,
54931,27169,540,145,1,Y,N,WS_Open,P06-1,Project 6,,54780,6,0.88,0.0000,0.0000,,,,,,EC_Cmp_pct,EE_Rem_hr,1bvyB9hoYkS8wOrZgm0GMg,,
54932,27169,540,0,1,N,N,WS_Open,1,Scoping,,54931,6,0.88,0.0000,0.0000,,,,,,EC_Cmp_pct,EE_Rem_hr,g/D7nDY7JU2/mJpp4fBYvg,ACYo7vUxP0iWM2PP6G9kUQ,
54933,27169,540,100,1,N,N,WS_Open,2,Planning,,54931,6,0.88,0.0000,0.0000,,,,,,EC_Cmp_pct,EE_Rem_hr,lmWo5rx+QUyMsXQjH1s4HQ,3wu3GtYRw0aqHIjEVJ4HZg,
54934,27169,540,200,1,N,N,WS_Open,3,Design,,54931,6,0.88,0.0000,0.0000,,,,,,EC_Cmp_pct,EE_Rem_hr,173/XmzFoUqzyfw8T8FB1A,OFCkB2wMuEWY0LzI8D65Pw,
54935,27169,540,0,1,N,N,WS_Open,6,"Geotech, Seismic and Potholing",,54934,6,0.88,0.0000,0.0000,,,,,,EC_Cmp_pct,EE_Rem_hr,Eag2OUNGY0C5KFVbAwJhEw,6Jk4duk5mUued/A6zQgElQ,
54936,27169,540,1,1,N,N,WS_Open,1,Civil Design,,54934,6,0.88,0.0000,0.0000,,,,,,EC_Cmp_pct,EE_Rem_hr,iR++p6ZfFEqk53bfYeq2Hw,nPj8s5CJWEuYoRMlfT4F5w,
54937,27169,540,2,1,N,N,WS_Open,2,Electrical Design,,54934,6,0.88,0.0000,0.0000,,,,,,EC_Cmp_pct,EE_Rem_hr,0out1dNXr0qLsO8u2gN24Q,svhflVpDrU+WhehIDRLkMw,
54938,27169,540,3,1,N,N,WS_Open,3,Service Cutover Design,,54934,6,0.88,0.0000,0.0000,,,,,,EC_Cmp_pct,EE_Rem_hr,oxY7JuLQqUqljmkzegg/LQ,GFBmwzyICUmiDj7oV7yeGw,
54939,27169,540,4,1,N,N,WS_Open,4,Substation Engineering Design,,54934,6,0.88,0.0000,0.0000,,,,,,EC_Cmp_pct,EE_Rem_hr,aIhsDKoGb0yxBPRokblDxw,UqkrLvF1IUqB/3ISi4c5pw,
54940,27169,540,5,1,N,N,WS_Open,5,Remove from Service (Existing OH) Design,,54934,6,0.88,0.0000,0.0000,,,,,,EC_Cmp_pct,EE_Rem_hr,wiSKrW5og0yqoDX3msTRGA,dEXA9kEJEkmPp1BE19ZgXA,
54941,27169,540,300,1,N,N,WS_Open,4,Procurement,,54931,6,0.88,0.0000,0.0000,,,,,,EC_Cmp_pct,EE_Rem_hr,DwwgtxYbekC4qscg/gAGFQ,FQJMfz9tTEO+4aPAwKg6ZQ,
54942,27169,540,400,1,N,N,WS_Open,5,Permitting,,54931,6,0.88,0.0000,0.0000,,,,,,EC_Cmp_pct,EE_Rem_hr,aLxE1ZKSKEiwtGjWVEYjog,qP/fgdBB2kiJ1TSa1Phjrw,
54943,27169,540,500,1,N,N,WS_Open,6,Public Affairs,,54931,6,0.88,0.0000,0.0000,,,,,,EC_Cmp_pct,EE_Rem_hr,xhs2sljWgUG+qz8yK6+LKw,0w2Ykq/1M0S2bwasgy1yZw,
54944,27169,540,600,1,N,N,WS_Open,7,Land Services,,54931,6,0.88,0.0000,0.0000,,,,,,EC_Cmp_pct,EE_Rem_hr,pQHW585iBkimPJtBVidERQ,JJKZ2Pqntk6eg3rMN8ALcQ,
54945,27169,540,700,1,N,N,WS_Open,8,Environmental,,54931,6,0.88,0.0000,0.0000,,,,,,EC_Cmp_pct,EE_Rem_hr,UY/UnmqNoES0xUcWU5AxDA,HJ1TWxbRd0StzqOrcAyhxg,
54946,27169,540,800,1,N,N,WS_Open,9,Bid and Award - Contracting,,54931,6,0.88,0.0000,0.0000,,,,,,EC_Cmp_pct,EE_Rem_hr,666rTiSl70ShB1FDghMGpg,lXZ+cqliMEe6S5U3Tc+0EQ,
54947,27169,540,0,1,N,N,WS_Open,1,Civil Contractor,,54946,6,0.88,0.0000,0.0000,,,,,,EC_Cmp_pct,EE_Rem_hr,P9Ig+ijM9EK7IDMiZp4DDg,KZIHn62EdUKK1+xkGflhig,
54948,27169,540,100,1,N,N,WS_Open,2,Electrical Contractor,,54946,6,0.88,0.0000,0.0000,,,,,,EC_Cmp_pct,EE_Rem_hr,UrbZKRNavUSdoOT6nzASIA,+ISQMYf/YEOarnp/UeTgRw,
54949,27169,540,900,1,N,N,WS_Open,10,Pre-Construction,,54931,6,0.88,0.0000,0.0000,,,,,,EC_Cmp_pct,EE_Rem_hr,IJ8CmeXgPkyo29RXT+D/Gw,Z0bIxSQI1U2dsgRXbIIUSA,
54950,27169,540,1000,1,N,N,WS_Open,11,Construction,,54931,6,0.88,0.0000,0.0000,,,,,,EC_Cmp_pct,EE_Rem_hr,ODGq+Zq9Pkinrn99ZXuMxg,FPPGynbg3k2LRU5EunxxwA,
54951,27169,540,0,1,N,N,WS_Open,1,Civil Construction,,54950,6,0.88,0.0000,0.0000,,,,,,EC_Cmp_pct,EE_Rem_hr,6QZR5rOUf0WHSio9gl07DQ,E3Emdlugm0WgI3BgQWEkWg,
54952,27169,540,100,1,N,N,WS_Open,2,Electrical Construction,,54950,6,0.88,0.0000,0.0000,,,,,,EC_Cmp_pct,EE_Rem_hr,xvjTHsbQJUmpPteSHjsF7w,Twotd3yvv0+M8MJ6APvbxQ,
54953,27169,540,200,1,N,N,WS_Open,3,Service Cutover,,54950,6,0.88,0.0000,0.0000,,,,,,EC_Cmp_pct,EE_Rem_hr,fArkUCMu302V16/p/DVtkA,PwoLh+YBDEyWVdZPBElgBg,
54954,27169,540,300,1,N,N,WS_Open,4,SCADA,,54950,6,0.88,0.0000,0.0000,,,,,,EC_Cmp_pct,EE_Rem_hr,oys+5Z2aikaE93poagw7VA,9IORNs6qw0+dB6tI4Zdlmg,
54955,27169,540,400,1,N,N,WS_Open,5,Substation,,54950,6,0.88,0.0000,0.0000,,,,,,EC_Cmp_pct,EE_Rem_hr,Au5zvqiqyEuUW6BWPBFzuA,opS055MudEq2Jv5lDRNbDw,
54956,27169,540,500,1,N,N,WS_Open,6,OH RFS,,54950,6,0.88,0.0000,0.0000,,,,,,EC_Cmp_pct,EE_Rem_hr,Tt7h+kLPbk6qBMrga/Nxig,dq8GFlTvqE6uoeNxwnm33A,
54957,27169,540,600,1,N,N,WS_Open,7,(New WBS),,54950,6,0.88,0.0000,0.0000,,,,,,EC_Cmp_pct,EE_Rem_hr,z+DLt8n7ZU+PEt++HGRW8g,VtL2ZjJ6D0a5CYpGFAjWPg,
54958,27169,540,1100,1,N,N,WS_Open,12,Closeout,,54931,6,0.88,0.0000,0.0000,,,,,,EC_Cmp_pct,EE_Rem_hr,cxyHgFrdwEunrWYPZoFusw,jfkv3AbCBE+kRK1/iwHDJA,
54959,27169,540,0,1,N,N,WS_Open,1,Technical,,54958,6,0.88,0.0000,0.0000,,,,,,EC_Cmp_pct,EE_Rem_hr,KTURsLHsYkuVvvBMvNNxrw,NnbdIBDRbUyLsOZThVQ7aw,
54960,27169,540,100,1,N,N,WS_Open,2,Accounting,,54958,6,0.88,0.0000,0.0000,,,,,,EC_Cmp_pct,EE_Rem_hr,bhBQ9oqol0SATlrcHGKq7w,upIHJX4MSkaTG6K0xS+9OA,
54961,27212,540,146,1,Y,N,WS_Open,P07-1,Project 7,,54780,6,0.88,0.0000,0.0000,,,,,,EC_Cmp_pct,EE_Rem_hr,P0FB2svc4E+OIiTQhPtG5Q,,
54962,27212,540,0,1,N,N,WS_Open,1,Scoping,,54961,6,0.88,0.0000,0.0000,,,,,,EC_Cmp_pct,EE_Rem_hr,hC/9J34JCUK1VrbfkLIdmw,Aw7aj16T8kWVNpPczpIQzQ,
54963,27212,540,100,1,N,N,WS_Open,2,Planning,,54961,6,0.88,0.0000,0.0000,,,,,,EC_Cmp_pct,EE_Rem_hr,Asid+7PPPU+KzsdWrYdNMQ,eTMgqGZrQkKJ3dJmi5ILwg,
54964,27212,540,200,1,N,N,WS_Open,3,Design,,54961,6,0.88,0.0000,0.0000,,,,,,EC_Cmp_pct,EE_Rem_hr,DNT8ZkyGTkCuesNJqVhBJg,DtMcglRKikyg6rNgpDPLqQ,
54965,27212,540,0,1,N,N,WS_Open,6,"Geotech, Seismic and Potholing",,54964,6,0.88,0.0000,0.0000,,,,,,EC_Cmp_pct,EE_Rem_hr,jn5D7zsjbUyeiFXCzoRjbA,Ej+DWrmVeU+d2YsjgC9j0w,
54966,27212,540,1,1,N,N,WS_Open,1,Civil Design,,54964,6,0.88,0.0000,0.0000,,,,,,EC_Cmp_pct,EE_Rem_hr,jAdrv4M5TUao6exYMScceA,rGKGMCt1QUaXsc7Cr9hy1Q,
54967,27212,540,2,1,N,N,WS_Open,2,Electrical Design,,54964,6,0.88,0.0000,0.0000,,,,,,EC_Cmp_pct,EE_Rem_hr,mx5ra1xe2EG8BiGMhBKiiQ,lKGh+8ovl0avULp+SicRwg,
54968,27212,540,3,1,N,N,WS_Open,3,Service Cutover Design,,54964,6,0.88,0.0000,0.0000,,,,,,EC_Cmp_pct,EE_Rem_hr,G+gs80aPRUWgUSQZeUbuwg,1zE82aai1UmHWKOQO40C0w,
54969,27212,540,4,1,N,N,WS_Open,4,Substation Engineering Design,,54964,6,0.88,0.0000,0.0000,,,,,,EC_Cmp_pct,EE_Rem_hr,QoTodEdZW02OuYiSNziZng,I94RkLJLiUm0ZIUyPFhY4w,
54970,27212,540,5,1,N,N,WS_Open,5,Remove from Service (Existing OH) Design,,54964,6,0.88,0.0000,0.0000,,,,,,EC_Cmp_pct,EE_Rem_hr,DGBVZ7UweU2CSjWjQk4a9Q,8VD9W0H/7kexKOMjSIxnmw,
54971,27212,540,300,1,N,N,WS_Open,4,Procurement,,54961,6,0.88,0.0000,0.0000,,,,,,EC_Cmp_pct,EE_Rem_hr,RPBHs5qkK0GyPDSaN1OeXA,UeGTXLEQ6kmWirsIa2st/g,
54972,27212,540,400,1,N,N,WS_Open,5,Permitting,,54961,6,0.88,0.0000,0.0000,,,,,,EC_Cmp_pct,EE_Rem_hr,ioMbhj9zEU+menNeRBgDDA,H9zizQZIxE2s2AIEyCOMaQ,
54973,27212,540,500,1,N,N,WS_Open,6,Public Affairs,,54961,6,0.88,0.0000,0.0000,,,,,,EC_Cmp_pct,EE_Rem_hr,w93Vz6Yh8EKLKqvt9QNMuA,oFp7bioVqEi1PKb2MJbJuw,
54974,27212,540,600,1,N,N,WS_Open,7,Land Services,,54961,6,0.88,0.0000,0.0000,,,,,,EC_Cmp_pct,EE_Rem_hr,kL9REsb8VESYn3qQB32EAQ,HEO6CLOD1UKMqNUwhgP9bw,
54975,27212,540,700,1,N,N,WS_Open,8,Environmental,,54961,6,0.88,0.0000,0.0000,,,,,,EC_Cmp_pct,EE_Rem_hr,i7UzcHjTm0+AhfyQBXmkDg,BSCFS72guk2XoL5NPxQGPQ,
54976,27212,540,800,1,N,N,WS_Open,9,Bid and Award - Contracting,,54961,6,0.88,0.0000,0.0000,,,,,,EC_Cmp_pct,EE_Rem_hr,iSyAvOiWYkifFIj6ARSkyg,TtpGWNuPFkGm4Ujk3hJIYA,
54977,27212,540,0,1,N,N,WS_Open,1,Civil Contractor,,54976,6,0.88,0.0000,0.0000,,,,,,EC_Cmp_pct,EE_Rem_hr,7xQmoNN9ekupQmvVP7ipYA,c8BUyHdtIUyUTIgvD/tzzg,
54978,27212,540,100,1,N,N,WS_Open,2,Electrical Contractor,,54976,6,0.88,0.0000,0.0000,,,,,,EC_Cmp_pct,EE_Rem_hr,B198zrPmXk2QEfWjCnNsUQ,9UqVc0+rikeTxsxfZo2FRg,
54979,27212,540,900,1,N,N,WS_Open,10,Pre-Construction,,54961,6,0.88,0.0000,0.0000,,,,,,EC_Cmp_pct,EE_Rem_hr,9CeQQFnkY0+0r5swJqVehg,SLfZU/W4/Ei1OFV6Yc+FbA,
54980,27212,540,1000,1,N,N,WS_Open,11,Construction,,54961,6,0.88,0.0000,0.0000,,,,,,EC_Cmp_pct,EE_Rem_hr,ggwrUVB9BEm5cNuvNB4KfQ,/iLzoyWvu0S4PL4F3yMTMw,
54981,27212,540,0,1,N,N,WS_Open,1,Civil Construction,,54980,6,0.88,0.0000,0.0000,,,,,,EC_Cmp_pct,EE_Rem_hr,V+L6hSe6Q0aVf5EZcx0ltw,gmWxh2b83E+qt4J3j4YR4Q,
54982,27212,540,100,1,N,N,WS_Open,2,Electrical Construction,,54980,6,0.88,0.0000,0.0000,,,,,,EC_Cmp_pct,EE_Rem_hr,YRUNOauS3k2YfPLLydHgdw,gz11afGshEW3LlyZkgvj7w,
54983,27212,540,200,1,N,N,WS_Open,3,Service Cutover,,54980,6,0.88,0.0000,0.0000,,,,,,EC_Cmp_pct,EE_Rem_hr,Ssc5JhBwZkOgwHy/Ojm/Ag,nSBzNV4AZkGuG9xqmIzZ3w,
54984,27212,540,300,1,N,N,WS_Open,4,SCADA,,54980,6,0.88,0.0000,0.0000,,,,,,EC_Cmp_pct,EE_Rem_hr,s+xVbGhp4kOmVPPwLRtHow,QztHcF9FcUyB5bjdAjFwYw,
54985,27212,540,400,1,N,N,WS_Open,5,Substation,,54980,6,0.88,0.0000,0.0000,,,,,,EC_Cmp_pct,EE_Rem_hr,VoQRpIPDHUWotof4Z+Q1Zg,n7/sddgTzECaJ29BWxFG6g,
54986,27212,540,500,1,N,N,WS_Open,6,OH RFS,,54980,6,0.88,0.0000,0.0000,,,,,,EC_Cmp_pct,EE_Rem_hr,ohHt7GEEjUS4ZP4GB3E24g,YLjFClN7Y0yHPn4f69pq9g,
54987,27212,540,600,1,N,N,WS_Open,7,(New WBS),,54980,6,0.88,0.0000,0.0000,,,,,,EC_Cmp_pct,EE_Rem_hr,LIAhTuoxk0+0KrhK7pQeWg,kZ//0fM/L0Wye33Twz1khQ,
54988,27212,540,1100,1,N,N,WS_Open,12,Closeout,,54961,6,0.88,0.0000,0.0000,,,,,,EC_Cmp_pct,EE_Rem_hr,+QcxKlmR+EiEd2Mv3nwe5g,1nxNI0MwekqfxrnAmHo7KQ,
54989,27212,540,0,1,N,N,WS_Open,1,Technical,,54988,6,0.88,0.0000,0.0000,,,,,,EC_Cmp_pct,EE_Rem_hr,c1wKorlqE0WsUArMR0yExQ,1V6KOyLWdUCZ/8WiDX+7Tw,
54990,27212,540,100,1,N,N,WS_Open,2,Accounting,,54988,6,0.88,0.0000,0.0000,,,,,,EC_Cmp_pct,EE_Rem_hr,SKu/eXNQUUi+kDBwzvcDEA,pPtsqVJvEUGDNEfyunBP1w,
54991,27171,540,147,1,Y,N,WS_Open,P08-1,Project 8,,54780,6,0.88,0.0000,0.0000,,,,,,EC_Cmp_pct,EE_Rem_hr,pZORD41AsUWdwj/h17jSDg,,
54992,27171,540,0,1,N,N,WS_Open,1,Scoping,,54991,6,0.88,0.0000,0.0000,,,,,,EC_Cmp_pct,EE_Rem_hr,ca6OirpfsEio3j6kA2YEog,oUjogqGAQUiRQlV2jHWIKA,
54993,27171,540,100,1,N,N,WS_Open,2,Planning,,54991,6,0.88,0.0000,0.0000,,,,,,EC_Cmp_pct,EE_Rem_hr,RpqNDKuLwEqB/xFuT7CLRQ,sM/pFITClkiASX/0iMbk6Q,
54994,27171,540,200,1,N,N,WS_Open,3,Design,,54991,6,0.88,0.0000,0.0000,,,,,,EC_Cmp_pct,EE_Rem_hr,uFirTm0tyEuE2sRa8qcdUg,73aVbBqJF0+4AmCSyTUI8A,
54995,27171,540,0,1,N,N,WS_Open,6,"Geotech, Seismic and Potholing",,54994,6,0.88,0.0000,0.0000,,,,,,EC_Cmp_pct,EE_Rem_hr,utpgL3DgxUqnjhpI7oO10w,L8mMAfAaX0WchQOePoE8Fw,
54996,27171,540,1,1,N,N,WS_Open,1,Civil Design,,54994,6,0.88,0.0000,0.0000,,,,,,EC_Cmp_pct,EE_Rem_hr,WYO6Zz6rDkqzUeK5W05bHA,TKPb3ySGZUCLEzJ/61hoJg,
54997,27171,540,2,1,N,N,WS_Open,2,Electrical Design,,54994,6,0.88,0.0000,0.0000,,,,,,EC_Cmp_pct,EE_Rem_hr,X1fWe1TYek2Fs6k78JuhOQ,wd10O2gOh0ulZPr+oWL/ug,
54998,27171,540,3,1,N,N,WS_Open,3,Service Cutover Design,,54994,6,0.88,0.0000,0.0000,,,,,,EC_Cmp_pct,EE_Rem_hr,A+Ca9NAiD0auDarb5TTspw,7OwNx+OI0kGX/QJmky/kDw,
54999,27171,540,4,1,N,N,WS_Open,4,Substation Engineering Design,,54994,6,0.88,0.0000,0.0000,,,,,,EC_Cmp_pct,EE_Rem_hr,R13M/KTJFEWituYxFvx0dQ,HYrpl7twPU6qNtany8VFIQ,
55000,27171,540,5,1,N,N,WS_Open,5,Remove from Service (Existing OH) Design,,54994,6,0.88,0.0000,0.0000,,,,,,EC_Cmp_pct,EE_Rem_hr,uwU398uFXEW+6Bo/v2QNTA,O8iJmDHyHE+PAWmkDPjMRw,
55001,27171,540,300,1,N,N,WS_Open,4,Procurement,,54991,6,0.88,0.0000,0.0000,,,,,,EC_Cmp_pct,EE_Rem_hr,UvkPxNOW/EawxeVrLAVodA,D6ClUoDA6UqEDLFTSoGllA,
55002,27171,540,400,1,N,N,WS_Open,5,Permitting,,54991,6,0.88,0.0000,0.0000,,,,,,EC_Cmp_pct,EE_Rem_hr,2nwoLhC+PUa0N4Vb6dBViA,GVaxEFAqAUqCq0R+7h1xFw,
55003,27171,540,500,1,N,N,WS_Open,6,Public Affairs,,54991,6,0.88,0.0000,0.0000,,,,,,EC_Cmp_pct,EE_Rem_hr,zDPqba1YbE+BheLEHV531A,EVCu3I+yb02zRWuRUdAnpg,
55004,27171,540,600,1,N,N,WS_Open,7,Land Services,,54991,6,0.88,0.0000,0.0000,,,,,,EC_Cmp_pct,EE_Rem_hr,gCueqzjIsUuIWT+RgU79Cg,KWIf+zfAJ0+v1teGn6Gz9g,
55005,27171,540,700,1,N,N,WS_Open,8,Environmental,,54991,6,0.88,0.0000,0.0000,,,,,,EC_Cmp_pct,EE_Rem_hr,GgDl/7JUIUGdwEG/q4dXRw,HwHwT6QHMkyFbRzEJv2bCg,
55006,27171,540,800,1,N,N,WS_Open,9,Bid and Award - Contracting,,54991,6,0.88,0.0000,0.0000,,,,,,EC_Cmp_pct,EE_Rem_hr,Zs/lvXyePESB2AUQEAlm2w,NNkzlsStFkOdKaBbf8Hunw,
55007,27171,540,0,1,N,N,WS_Open,1,Civil Contractor,,55006,6,0.88,0.0000,0.0000,,,,,,EC_Cmp_pct,EE_Rem_hr,+CCfMLGLwE+45wJbmqzmXQ,IeWjCaVQ9UiPgBPO+XqR1A,
55008,27171,540,100,1,N,N,WS_Open,2,Electrical Contractor,,55006,6,0.88,0.0000,0.0000,,,,,,EC_Cmp_pct,EE_Rem_hr,iFJMDLi6wkCpIzy8wDjiJg,RJuWbwVZI0227D7WErhhFQ,
55009,27171,540,900,1,N,N,WS_Open,10,Pre-Construction,,54991,6,0.88,0.0000,0.0000,,,,,,EC_Cmp_pct,EE_Rem_hr,RPeB3uhGIEy3WPP58VbvsA,ytd00Kb6u0uMRVlE80Jsjg,
55010,27171,540,1000,1,N,N,WS_Open,11,Construction,,54991,6,0.88,0.0000,0.0000,,,,,,EC_Cmp_pct,EE_Rem_hr,uJRAiyRDiUeVvZyQjVS3Hw,0v+9xUZi6EGHJ7G0WXMfiw,
55011,27171,540,0,1,N,N,WS_Open,1,Civil Construction,,55010,6,0.88,0.0000,0.0000,,,,,,EC_Cmp_pct,EE_Rem_hr,DxpgR/Bn40CukZf9sZeiaQ,dH/x2Ga3ZEW/mt+t1Qb4uQ,
55012,27171,540,100,1,N,N,WS_Open,2,Electrical Construction,,55010,6,0.88,0.0000,0.0000,,,,,,EC_Cmp_pct,EE_Rem_hr,rXegwpUqTEC4K6ZWjBYoIA,GOj4e2ekv0y5oIPpmSQkew,
55013,27171,540,200,1,N,N,WS_Open,3,Service Cutover,,55010,6,0.88,0.0000,0.0000,,,,,,EC_Cmp_pct,EE_Rem_hr,cQlbLbzTI0K//CH2vpfs/w,talmx6nDqEW3Ufu+mwsJiQ,
55014,27171,540,300,1,N,N,WS_Open,4,SCADA,,55010,6,0.88,0.0000,0.0000,,,,,,EC_Cmp_pct,EE_Rem_hr,Phq4SUeit0yBqz0Za5gG0g,LBLfZe31SUymKf9DI8Dqzw,
55015,27171,540,400,1,N,N,WS_Open,5,Substation,,55010,6,0.88,0.0000,0.0000,,,,,,EC_Cmp_pct,EE_Rem_hr,p10cIAuxmEmoDKrdskcbxA,qUpwOzgpEUaDeJh5jzks2g,
55016,27171,540,500,1,N,N,WS_Open,6,OH RFS,,55010,6,0.88,0.0000,0.0000,,,,,,EC_Cmp_pct,EE_Rem_hr,hN5HSxg6AU2b1NYMx0A+lw,YaOAEw/hQEm24+iax2HjFQ,
55017,27171,540,600,1,N,N,WS_Open,7,(New WBS),,55010,6,0.88,0.0000,0.0000,,,,,,EC_Cmp_pct,EE_Rem_hr,EWd+3N9PckqEcIU03aH9Jw,tYmCPAWIqE+1aaH2qCnY1Q,
55018,27171,540,1100,1,N,N,WS_Open,12,Closeout,,54991,6,0.88,0.0000,0.0000,,,,,,EC_Cmp_pct,EE_Rem_hr,44q88sI07kaLCU+DokBorg,M+iFunV6MUSkpl+js3mljw,
55019,27171,540,0,1,N,N,WS_Open,1,Technical,,55018,6,0.88,0.0000,0.0000,,,,,,EC_Cmp_pct,EE_Rem_hr,vz55SiLqtkuj7lw/PivzMw,BM0ttEtzI02+9x7RE28znA,
55020,27171,540,100,1,N,N,WS_Open,2,Accounting,,55018,6,0.88,0.0000,0.0000,,,,,,EC_Cmp_pct,EE_Rem_hr,hYgMyOMjHUyE23ldr4LWcg,y6cYDJ8/vEipsXsGBl76Ng,
55021,27172,540,148,1,Y,N,WS_Open,P09-1,Project 9,,54780,6,0.88,0.0000,0.0000,,,,,,EC_Cmp_pct,EE_Rem_hr,WH05aJ7ZAkGizqsB723mmg,,
55022,27172,540,0,1,N,N,WS_Open,1,Scoping,,55021,6,0.88,0.0000,0.0000,,,,,,EC_Cmp_pct,EE_Rem_hr,nOi6i2XDy0mxo/9qnFF74w,+6BFOcKAaEWolwEhn3F2UA,
55023,27172,540,100,1,N,N,WS_Open,2,Planning,,55021,6,0.88,0.0000,0.0000,,,,,,EC_Cmp_pct,EE_Rem_hr,RJYRQVOvMECrv7EeUdYnLA,eodiF7gOi0y+LfbFYSYq4w,
55024,27172,540,200,1,N,N,WS_Open,3,Design,,55021,6,0.88,0.0000,0.0000,,,,,,EC_Cmp_pct,EE_Rem_hr,aAhydLgSakuaTn1E6Z61dA,wV/QPj3GLEWBaXLer0pawQ,
55025,27172,540,0,1,N,N,WS_Open,6,"Geotech, Seismic and Potholing",,55024,6,0.88,0.0000,0.0000,,,,,,EC_Cmp_pct,EE_Rem_hr,xqhJUcZPbUifzqrMLoBuOw,xLICaAUboEKuoe1KBd9Vrw,
55026,27172,540,1,1,N,N,WS_Open,1,Civil Design,,55024,6,0.88,0.0000,0.0000,,,,,,EC_Cmp_pct,EE_Rem_hr,65GBtg3iYkqlgc3vsjyxBA,LOCxrw+6TEKmB0Ehdvhdrg,
55027,27172,540,2,1,N,N,WS_Open,2,Electrical Design,,55024,6,0.88,0.0000,0.0000,,,,,,EC_Cmp_pct,EE_Rem_hr,o3QNklMtjUSdBHOQwbhWQw,WK/r4q5P3kmaBJVv6lObHA,
55028,27172,540,3,1,N,N,WS_Open,3,Service Cutover Design,,55024,6,0.88,0.0000,0.0000,,,,,,EC_Cmp_pct,EE_Rem_hr,JlZU2M6GG0KZxKLvg6LKuQ,oahKXR4eTU2aT1S1QAI/TA,
55029,27172,540,4,1,N,N,WS_Open,4,Substation Engineering Design,,55024,6,0.88,0.0000,0.0000,,,,,,EC_Cmp_pct,EE_Rem_hr,TyFwwCagV0SlbO40YAaYvg,oJwgvAXAe0qaEF1twbaV4A,
55030,27172,540,5,1,N,N,WS_Open,5,Remove from Service (Existing OH) Design,,55024,6,0.88,0.0000,0.0000,,,,,,EC_Cmp_pct,EE_Rem_hr,9dTcfXUvzkaUR/+mgJ5gGA,bzg4KOzNPkaEy18aHP9LeA,
55031,27172,540,300,1,N,N,WS_Open,4,Procurement,,55021,6,0.88,0.0000,0.0000,,,,,,EC_Cmp_pct,EE_Rem_hr,u7NskJennEGtjeg8gPXo+Q,1quRH82uIE6rfd6/cn4faA,
55032,27172,540,400,1,N,N,WS_Open,5,Permitting,,55021,6,0.88,0.0000,0.0000,,,,,,EC_Cmp_pct,EE_Rem_hr,tavONEO31EeLTmJQ6pYpqg,zZoxQjIzTEKNhpDOfySHcw,
55033,27172,540,500,1,N,N,WS_Open,6,Public Affairs,,55021,6,0.88,0.0000,0.0000,,,,,,EC_Cmp_pct,EE_Rem_hr,0GXfeBzsqECdKkI58o1AbQ,87ncrJLIwUOkh6JVT8y8jQ,
55034,27172,540,600,1,N,N,WS_Open,7,Land Services,,55021,6,0.88,0.0000,0.0000,,,,,,EC_Cmp_pct,EE_Rem_hr,wjegCX8VZ0y1X++Pi0YgDw,o1dqMXXbLk+2Jwc1WLa40Q,
55035,27172,540,700,1,N,N,WS_Open,8,Environmental,,55021,6,0.88,0.0000,0.0000,,,,,,EC_Cmp_pct,EE_Rem_hr,W7Sr6SO+M0yRWrWesTZNIw,iDMaMVwAHkWwe1g6/iVGog,
55036,27172,540,800,1,N,N,WS_Open,9,Bid and Award - Contracting,,55021,6,0.88,0.0000,0.0000,,,,,,EC_Cmp_pct,EE_Rem_hr,8TLwLEaSZkyh0wqaJn6IDw,5WgkcXrHy0eTv3PXBmJyZQ,
55037,27172,540,0,1,N,N,WS_Open,1,Civil Contractor,,55036,6,0.88,0.0000,0.0000,,,,,,EC_Cmp_pct,EE_Rem_hr,LQ3Ajwz7ZEe7q7UXIYHMkw,aj5Pp0QHeECL97902SZ2JQ,
55038,27172,540,100,1,N,N,WS_Open,2,Electrical Contractor,,55036,6,0.88,0.0000,0.0000,,,,,,EC_Cmp_pct,EE_Rem_hr,XWL+W+2MAUGQIqdFcEAGJg,9UzoHfZt7UyBd+Eh6Uj2EQ,
55039,27172,540,900,1,N,N,WS_Open,10,Pre-Construction,,55021,6,0.88,0.0000,0.0000,,,,,,EC_Cmp_pct,EE_Rem_hr,MdEWLEhjSkCHr1LGTd0M/A,8vBg+ylBxECRxh1v3xxrjA,
55040,27172,540,1000,1,N,N,WS_Open,11,Construction,,55021,6,0.88,0.0000,0.0000,,,,,,EC_Cmp_pct,EE_Rem_hr,Bw5jKl3DuEmZ9kA9QDDOVw,KMAtz87TqEyAxNvVTrG4BA,
55041,27172,540,0,1,N,N,WS_Open,1,Civil Construction,,55040,6,0.88,0.0000,0.0000,,,,,,EC_Cmp_pct,EE_Rem_hr,ZUNQ2V1XGEaSsTEDs1QRQQ,eTcSYCF/eky5JD70lBujEA,
55042,27172,540,100,1,N,N,WS_Open,2,Electrical Construction,,55040,6,0.88,0.0000,0.0000,,,,,,EC_Cmp_pct,EE_Rem_hr,EZoeNEejS0Wijp0szvM+Fg,vCYJ+9eX8k2/ymKL7sipYg,
55043,27172,540,200,1,N,N,WS_Open,3,Service Cutover,,55040,6,0.88,0.0000,0.0000,,,,,,EC_Cmp_pct,EE_Rem_hr,g54taJyovUehlR1IRILUyQ,v18KSlqCtUujZvf7guvTGQ,
55044,27172,540,300,1,N,N,WS_Open,4,SCADA,,55040,6,0.88,0.0000,0.0000,,,,,,EC_Cmp_pct,EE_Rem_hr,6VersSraeUuqgj1xZjuBAw,GizkdSOQqkOed2vZxLpL1w,
55045,27172,540,400,1,N,N,WS_Open,5,Substation,,55040,6,0.88,0.0000,0.0000,,,,,,EC_Cmp_pct,EE_Rem_hr,5olw8jbQYE6QkW+e4sJzFQ,8N3uTZ7RLEy2iWP7HBP09g,
55046,27172,540,500,1,N,N,WS_Open,6,OH RFS,,55040,6,0.88,0.0000,0.0000,,,,,,EC_Cmp_pct,EE_Rem_hr,DmOS+i9Iwk2FrknElFkOBA,6fdUmRW1/EWkMuicBGaB7A,
55047,27172,540,600,1,N,N,WS_Open,7,(New WBS),,55040,6,0.88,0.0000,0.0000,,,,,,EC_Cmp_pct,EE_Rem_hr,LpMqT5JrPUKNFzYqm7zZAA,FmT3He0ywEaDTdyWEZ/cAg,
55048,27172,540,1100,1,N,N,WS_Open,12,Closeout,,55021,6,0.88,0.0000,0.0000,,,,,,EC_Cmp_pct,EE_Rem_hr,PNZhgFh6mEqfmke88ibQ9g,tEJGQlV1YU+HdIZoEiPIWA,
55049,27172,540,0,1,N,N,WS_Open,1,Technical,,55048,6,0.88,0.0000,0.0000,,,,,,EC_Cmp_pct,EE_Rem_hr,MCaXGL69n0SqT8yGi/a6pw,rEhT54t3rESx0wqIzYk4IA,
55050,27172,540,100,1,N,N,WS_Open,2,Accounting,,55048,6,0.88,0.0000,0.0000,,,,,,EC_Cmp_pct,EE_Rem_hr,Td+azNtx0UyhUs3Zd6X4Kg,+DyruQU26USR5o0XB7xXFA,
55051,27173,540,101,1,Y,N,WS_Open,P10-1,Project 10,,54780,6,0.88,0.0000,0.0000,,,,,,EC_Cmp_pct,EE_Rem_hr,8TwOksueQUCn8jtnibF96w,,
55052,27173,540,0,1,N,N,WS_Open,1,Scoping,,55051,6,0.88,0.0000,0.0000,,,,,,EC_Cmp_pct,EE_Rem_hr,cKtwQ8enLUGbGOYdhHESdQ,TTUX2j0nVUKI0gDiX3+3xg,
55053,27173,540,100,1,N,N,WS_Open,2,Planning,,55051,6,0.88,0.0000,0.0000,,,,,,EC_Cmp_pct,EE_Rem_hr,2cFJcSbaeEaFiefSMrkUJg,by5E8/MddUGa4+Zi3p6UBg,
55054,27173,540,200,1,N,N,WS_Open,3,Design,,55051,6,0.88,0.0000,0.0000,,,,,,EC_Cmp_pct,EE_Rem_hr,cV2P2Zkc6EegQr3VFF4+NQ,yomIASRQiUqWXekiArzDmg,
55055,27173,540,0,1,N,N,WS_Open,6,"Geotech, Seismic and Potholing",,55054,6,0.88,0.0000,0.0000,,,,,,EC_Cmp_pct,EE_Rem_hr,ya+FUtfr80Kbig16triCeg,RVrMHWpqPEeqVsDCHPnBNQ,
55056,27173,540,1,1,N,N,WS_Open,1,Civil Design,,55054,6,0.88,0.0000,0.0000,,,,,,EC_Cmp_pct,EE_Rem_hr,X6pxHrh2lkSVyxJrG4oNtg,HI3HsoNuR0qOlT5jUrktxA,
55057,27173,540,2,1,N,N,WS_Open,2,Electrical Design,,55054,6,0.88,0.0000,0.0000,,,,,,EC_Cmp_pct,EE_Rem_hr,cXEP4KM5kkq+Gw0HCFWEig,zEHUokSZnU+MVFFWJw/O+Q,
55058,27173,540,3,1,N,N,WS_Open,3,Service Cutover Design,,55054,6,0.88,0.0000,0.0000,,,,,,EC_Cmp_pct,EE_Rem_hr,fjobeXbIKkyVWtj+qbcPHw,bayt5swjCEKLtBql1f9ENg,
55059,27173,540,4,1,N,N,WS_Open,4,Substation Engineering Design,,55054,6,0.88,0.0000,0.0000,,,,,,EC_Cmp_pct,EE_Rem_hr,EhDO75edfEyCzT4zwE30dw,YjoglgxMbEOvgHXc+bTlsA,
55060,27173,540,5,1,N,N,WS_Open,5,Remove from Service (Existing OH) Design,,55054,6,0.88,0.0000,0.0000,,,,,,EC_Cmp_pct,EE_Rem_hr,uiv4jUC0akmcg1BR/SMTVw,YTKS1d2WvUS2X6kCZf0b9Q,
55061,27173,540,300,1,N,N,WS_Open,4,Procurement,,55051,6,0.88,0.0000,0.0000,,,,,,EC_Cmp_pct,EE_Rem_hr,WtNqRkRAwkaehYX8B5p+DA,Xu1P4GEc3kW7AyQpouoKFQ,
55062,27173,540,400,1,N,N,WS_Open,5,Permitting,,55051,6,0.88,0.0000,0.0000,,,,,,EC_Cmp_pct,EE_Rem_hr,x61WVVEVvEG3luEYDSZmuQ,s2trT3d9OkmiRw/6W704yw,
55063,27173,540,500,1,N,N,WS_Open,6,Public Affairs,,55051,6,0.88,0.0000,0.0000,,,,,,EC_Cmp_pct,EE_Rem_hr,uSEP6XOdkESL7irctnFGfQ,r4YbdrPCNEeoB9IYsOh/uQ,
55064,27173,540,600,1,N,N,WS_Open,7,Land Services,,55051,6,0.88,0.0000,0.0000,,,,,,EC_Cmp_pct,EE_Rem_hr,568gtazLzk2mwi8VYr/XgQ,1SlKecdbUUOKaJS/UnszsQ,
55065,27173,540,700,1,N,N,WS_Open,8,Environmental,,55051,6,0.88,0.0000,0.0000,,,,,,EC_Cmp_pct,EE_Rem_hr,KXvSRcLHb06/5G+6D1I16w,D/YNtoPBVUOR1ZvzFHQt0Q,
55066,27173,540,800,1,N,N,WS_Open,9,Bid and Award - Contracting,,55051,6,0.88,0.0000,0.0000,,,,,,EC_Cmp_pct,EE_Rem_hr,ApxylCH4I0GlhxvBxNOQxw,M76IGAiLrkmbOIoBNKEPUQ,
55067,27173,540,0,1,N,N,WS_Open,1,Civil Contractor,,55066,6,0.88,0.0000,0.0000,,,,,,EC_Cmp_pct,EE_Rem_hr,8bHD0YxzLUS8l3H1m4AX+g,qqLhhOdGW0eGcVbwoBf06w,
55068,27173,540,100,1,N,N,WS_Open,2,Electrical Contractor,,55066,6,0.88,0.0000,0.0000,,,,,,EC_Cmp_pct,EE_Rem_hr,DY7EPhn46Uu5w73GjxHbhA,mGFVkPXHika2HoRJiiS1lQ,
55069,27173,540,900,1,N,N,WS_Open,10,Pre-Construction,,55051,6,0.88,0.0000,0.0000,,,,,,EC_Cmp_pct,EE_Rem_hr,93gQOZ2kHUCvLDtYM/xDjw,UUMTtgUW40mPnY9K+IZw7Q,
55070,27173,540,1000,1,N,N,WS_Open,11,Construction,,55051,6,0.88,0.0000,0.0000,,,,,,EC_Cmp_pct,EE_Rem_hr,HWzW9p8wokOjROs8cNFfnw,gyufhmvfTUK9tEn5Y8wdCg,
55071,27173,540,0,1,N,N,WS_Open,1,Civil Construction,,55070,6,0.88,0.0000,0.0000,,,,,,EC_Cmp_pct,EE_Rem_hr,ayIB3XounkmgDLNFSHTQBw,Esl+VXPLIk+8VO/YIsoKdA,
55072,27173,540,100,1,N,N,WS_Open,2,Electrical Construction,,55070,6,0.88,0.0000,0.0000,,,,,,EC_Cmp_pct,EE_Rem_hr,6Ecrb74mNk2aiYZ/VIdeZA,R1BbOP2bVkOn3inKfGFAAg,
55073,27173,540,200,1,N,N,WS_Open,3,Service Cutover,,55070,6,0.88,0.0000,0.0000,,,,,,EC_Cmp_pct,EE_Rem_hr,PlRokQDhpkiguDgwYoZwzg,9VYFsjjuoEmQ8nmLl2l2Pw,
55074,27173,540,300,1,N,N,WS_Open,4,SCADA,,55070,6,0.88,0.0000,0.0000,,,,,,EC_Cmp_pct,EE_Rem_hr,WVJat3Ei4k26rPBdQ7x3SA,zmr8aHBvfE+5YecrrqmWfw,
55075,27173,540,400,1,N,N,WS_Open,5,Substation,,55070,6,0.88,0.0000,0.0000,,,,,,EC_Cmp_pct,EE_Rem_hr,jArh3E9pt0aW9GaRvjg0ww,3TwnIl/6hk+2S7zxqZ4qLA,
55076,27173,540,500,1,N,N,WS_Open,6,OH RFS,,55070,6,0.88,0.0000,0.0000,,,,,,EC_Cmp_pct,EE_Rem_hr,LGcC3ah2yU+NsJSFgg3TyQ,tNMWqLPBqkqLwViFUkYmDQ,
55077,27173,540,600,1,N,N,WS_Open,7,(New WBS),,55070,6,0.88,0.0000,0.0000,,,,,,EC_Cmp_pct,EE_Rem_hr,bRo8W8Tgl0OJMyD+jK0MyQ,Zpc8luS2I06TCygqfn283w,
55078,27173,540,1100,1,N,N,WS_Open,12,Closeout,,55051,6,0.88,0.0000,0.0000,,,,,,EC_Cmp_pct,EE_Rem_hr,ETxj+kiPJUiqry6k698fUQ,wEkNWTfK90O4/wGdFd+sog,
55079,27173,540,0,1,N,N,WS_Open,1,Technical,,55078,6,0.88,0.0000,0.0000,,,,,,EC_Cmp_pct,EE_Rem_hr,BuliXizfEEqDoDPf0SF3Dg,Ta3jdHPoL0OgJ6bB3ZBI0w,
55080,27173,540,100,1,N,N,WS_Open,2,Accounting,,55078,6,0.88,0.0000,0.0000,,,,,,EC_Cmp_pct,EE_Rem_hr,eXpLEibHAEGU4OHDXcjgJg,+k6lkogzn023MoEpiv8kxw,
55081,27174,540,102,1,Y,N,WS_Open,P11-1,Project 11,,54780,6,0.88,0.0000,0.0000,,,,,,EC_Cmp_pct,EE_Rem_hr,jIEvdZZaAUKiz4wzOYf8nQ,,
55082,27174,540,0,1,N,N,WS_Open,1,Scoping,,55081,6,0.88,0.0000,0.0000,,,,,,EC_Cmp_pct,EE_Rem_hr,WX5jHCqc/kK2PezcrYuTUA,WfaR0yteakKfEsDcvT+6mg,
55083,27174,540,100,1,N,N,WS_Open,2,Planning,,55081,6,0.88,0.0000,0.0000,,,,,,EC_Cmp_pct,EE_Rem_hr,ZJk1N2Fz/k6SaLd9KekcqQ,8rag8faue0m3X6uqjlEhXQ,
55084,27174,540,200,1,N,N,WS_Open,3,Design,,55081,6,0.88,0.0000,0.0000,,,,,,EC_Cmp_pct,EE_Rem_hr,xUKUvGRko0m+721Lj41qAA,RV/AO0CL20uXj4HfXYt6vQ,
55085,27174,540,0,1,N,N,WS_Open,6,"Geotech, Seismic and Potholing",,55084,6,0.88,0.0000,0.0000,,,,,,EC_Cmp_pct,EE_Rem_hr,5sWV0xhilESifKlPuzdYog,Fw7TKZCaGEWzFdGitxPb8g,
55086,27174,540,1,1,N,N,WS_Open,1,Civil Design,,55084,6,0.88,0.0000,0.0000,,,,,,EC_Cmp_pct,EE_Rem_hr,Cx0mT0TyO02VD/B3VYrfjA,BvKhJ+TyzU2vRrQO4MnJnw,
55087,27174,540,2,1,N,N,WS_Open,2,Electrical Design,,55084,6,0.88,0.0000,0.0000,,,,,,EC_Cmp_pct,EE_Rem_hr,u9LSJK5CtUyb9uZ+gYmIVQ,4uoMdmtV9UONRQ8ybSYhOQ,
55088,27174,540,3,1,N,N,WS_Open,3,Service Cutover Design,,55084,6,0.88,0.0000,0.0000,,,,,,EC_Cmp_pct,EE_Rem_hr,e8acz6UxKUO9wGTd5LUtrA,ZUBN7t0CIEyT4eG8VPXH3A,
55089,27174,540,4,1,N,N,WS_Open,4,Substation Engineering Design,,55084,6,0.88,0.0000,0.0000,,,,,,EC_Cmp_pct,EE_Rem_hr,UPEfw+xfck66HGeRxo92EQ,3HRhncC0lk+dj38T6xgwrQ,
55090,27174,540,5,1,N,N,WS_Open,5,Remove from Service (Existing OH) Design,,55084,6,0.88,0.0000,0.0000,,,,,,EC_Cmp_pct,EE_Rem_hr,MNYLFDJPX0GcHqY5QVAWow,p9GGUbpbMkaV7HJyOWcVWw,
55091,27174,540,300,1,N,N,WS_Open,4,Procurement,,55081,6,0.88,0.0000,0.0000,,,,,,EC_Cmp_pct,EE_Rem_hr,6HiFc5AL2kC2P4wu4Hq7AQ,AupRV4Pcdk2ZhBjAfvBkzw,
55092,27174,540,400,1,N,N,WS_Open,5,Permitting,,55081,6,0.88,0.0000,0.0000,,,,,,EC_Cmp_pct,EE_Rem_hr,kYO87Q0fG0iUdjvOjN6E3w,e4pZ9Ku4L0Kt70Q7Ra01lQ,
55093,27174,540,500,1,N,N,WS_Open,6,Public Affairs,,55081,6,0.88,0.0000,0.0000,,,,,,EC_Cmp_pct,EE_Rem_hr,dGhH5AdnhUmiz4GVH2pERA,Fy4sJyP3q06hjHaRl0Euqg,
55094,27174,540,600,1,N,N,WS_Open,7,Land Services,,55081,6,0.88,0.0000,0.0000,,,,,,EC_Cmp_pct,EE_Rem_hr,qxkdHeK2VUSEp/ABQ/kc7g,cS9HcDodGkaflXVnnjvS5A,
55095,27174,540,700,1,N,N,WS_Open,8,Environmental,,55081,6,0.88,0.0000,0.0000,,,,,,EC_Cmp_pct,EE_Rem_hr,CIl4Yy33AkWwVkDs5HD6vA,BO3T8eT+9EKwcgaoMngvng,
55096,27174,540,800,1,N,N,WS_Open,9,Bid and Award - Contracting,,55081,6,0.88,0.0000,0.0000,,,,,,EC_Cmp_pct,EE_Rem_hr,VOYuVHw5g0aARujBuEgPUw,7r5SLc4JTU+wXYxEGvAf/A,
55097,27174,540,0,1,N,N,WS_Open,1,Civil Contractor,,55096,6,0.88,0.0000,0.0000,,,,,,EC_Cmp_pct,EE_Rem_hr,lgTbyY/NEU6LPYp9TzRL5g,jLglS50duk2FIAeHk4iCVg,
55098,27174,540,100,1,N,N,WS_Open,2,Electrical Contractor,,55096,6,0.88,0.0000,0.0000,,,,,,EC_Cmp_pct,EE_Rem_hr,psGu7TnUi0KzBvYdIdminw,iwDTD9x64UanXXfJCVMuDA,
55099,27174,540,900,1,N,N,WS_Open,10,Pre-Construction,,55081,6,0.88,0.0000,0.0000,,,,,,EC_Cmp_pct,EE_Rem_hr,bGLYcKsWY0y5Z50NXxHLDg,6X38Ifp7oUmEoklYt/C5Zg,
55100,27174,540,1000,1,N,N,WS_Open,11,Construction,,55081,6,0.88,0.0000,0.0000,,,,,,EC_Cmp_pct,EE_Rem_hr,yqe5Kfo93E2AZiLAc2NAjQ,kjyyoZ9e20ySPuiHX7BtXw,
55101,27174,540,0,1,N,N,WS_Open,1,Civil Construction,,55100,6,0.88,0.0000,0.0000,,,,,,EC_Cmp_pct,EE_Rem_hr,jyCk3wv4QkWdJvcddIvXPg,FN1R4w+n5EGuJCkdmxPcdQ,
55102,27174,540,100,1,N,N,WS_Open,2,Electrical Construction,,55100,6,0.88,0.0000,0.0000,,,,,,EC_Cmp_pct,EE_Rem_hr,6bLKWfFQcE2gbtN3z6O+Rg,eV/eHfWGwU6zwmgHD0G5Kw,
55103,27174,540,200,1,N,N,WS_Open,3,Service Cutover,,55100,6,0.88,0.0000,0.0000,,,,,,EC_Cmp_pct,EE_Rem_hr,q1zHdIgKOk+vnIEte8yHWQ,x1DFWgLFtE+siZTAhJCCAA,
55104,27174,540,300,1,N,N,WS_Open,4,SCADA,,55100,6,0.88,0.0000,0.0000,,,,,,EC_Cmp_pct,EE_Rem_hr,hE3hqsV0UEqMScnZ6+61LQ,E+hsgv0vaESk/cQNwmNe6g,
55105,27174,540,400,1,N,N,WS_Open,5,Substation,,55100,6,0.88,0.0000,0.0000,,,,,,EC_Cmp_pct,EE_Rem_hr,HxAzVKWj/UGqfTJ4hNkowg,w0Rrk6TB60mYxIiKeVM44g,
55106,27174,540,500,1,N,N,WS_Open,6,OH RFS,,55100,6,0.88,0.0000,0.0000,,,,,,EC_Cmp_pct,EE_Rem_hr,BFOsPBxFgE2Fj7zhleycBg,//EcOlAQ10qbB7Ax1GJlQA,
55107,27174,540,600,1,N,N,WS_Open,7,(New WBS),,55100,6,0.88,0.0000,0.0000,,,,,,EC_Cmp_pct,EE_Rem_hr,Z9kEGiOFKU2tvheE2mr9eQ,/+Rnkll0bE2VM73XuKeLPw,
55108,27174,540,1100,1,N,N,WS_Open,12,Closeout,,55081,6,0.88,0.0000,0.0000,,,,,,EC_Cmp_pct,EE_Rem_hr,qp2sy3n9xkOYpZcp3KlyJg,ogzeJR9ub0ejnlnNbelm/g,
55109,27174,540,0,1,N,N,WS_Open,1,Technical,,55108,6,0.88,0.0000,0.0000,,,,,,EC_Cmp_pct,EE_Rem_hr,VkH8gLkp8UmJq0WJgochsg,Agqydwqiz06nxLithv6A4g,
55110,27174,540,100,1,N,N,WS_Open,2,Accounting,,55108,6,0.88,0.0000,0.0000,,,,,,EC_Cmp_pct,EE_Rem_hr,+AY0IAwdhUCT6+1b/gJKfw,M5KkPUEAskaZ3Va05abE5g,
55111,27175,540,103,1,Y,N,WS_Open,P12-1,Project 12,,54780,6,0.88,0.0000,0.0000,,,,,,EC_Cmp_pct,EE_Rem_hr,P6YfLeUat0eDeACYFbaCDQ,,
55112,27175,540,0,1,N,N,WS_Open,1,Scoping,,55111,6,0.88,0.0000,0.0000,,,,,,EC_Cmp_pct,EE_Rem_hr,jEI9Mr31R0iT5AVH7c7VBw,f1nI0JDYWkSB/ByOSgtaQw,
55113,27175,540,100,1,N,N,WS_Open,2,Planning,,55111,6,0.88,0.0000,0.0000,,,,,,EC_Cmp_pct,EE_Rem_hr,f2eDSZB1l0qk0mN8R6cz7g,dIuJ7Dy4XES0wvBAFszKBA,
55114,27175,540,200,1,N,N,WS_Open,3,Design,,55111,6,0.88,0.0000,0.0000,,,,,,EC_Cmp_pct,EE_Rem_hr,AR/7yanupU+JDLDcAYeR5w,yQvY2YcKfU+DlrfIC1tk/A,
55115,27175,540,0,1,N,N,WS_Open,6,"Geotech, Seismic and Potholing",,55114,6,0.88,0.0000,0.0000,,,,,,EC_Cmp_pct,EE_Rem_hr,WGX3R/0B5kW5tjo8grZllA,D0XMCe9ISUibyseBHstQjg,
55116,27175,540,1,1,N,N,WS_Open,1,Civil Design,,55114,6,0.88,0.0000,0.0000,,,,,,EC_Cmp_pct,EE_Rem_hr,+lDFWIlnok+0PJ7o5ChHiQ,McP/30ShGk+sds/r/Sfu2g,
55117,27175,540,2,1,N,N,WS_Open,2,Electrical Design,,55114,6,0.88,0.0000,0.0000,,,,,,EC_Cmp_pct,EE_Rem_hr,ic0k6xyJrkWshDE5MSkBBw,9okjP0nSV02X6Cw4k1xYXg,
55118,27175,540,3,1,N,N,WS_Open,3,Service Cutover Design,,55114,6,0.88,0.0000,0.0000,,,,,,EC_Cmp_pct,EE_Rem_hr,noOs3Th7lU2ymx+9myyFPQ,dMj2X3dBNUS82fF/Zi6MDg,
55119,27175,540,4,1,N,N,WS_Open,4,Substation Engineering Design,,55114,6,0.88,0.0000,0.0000,,,,,,EC_Cmp_pct,EE_Rem_hr,gk+Dw34hb0qwfVFcVOLHLA,fdLXmZjyk0+MPFIwJK2PMg,
55120,27175,540,5,1,N,N,WS_Open,5,Remove from Service (Existing OH) Design,,55114,6,0.88,0.0000,0.0000,,,,,,EC_Cmp_pct,EE_Rem_hr,ocCPJOUtl0GSRUCS1Xx51w,vIa3kQbsSUyfH9WllYqclw,
55121,27175,540,300,1,N,N,WS_Open,4,Procurement,,55111,6,0.88,0.0000,0.0000,,,,,,EC_Cmp_pct,EE_Rem_hr,rc7Ra7JxJkarqbxvMcT+mw,pEYxFqU9nU6qHM7yv60s7w,
55122,27175,540,400,1,N,N,WS_Open,5,Permitting,,55111,6,0.88,0.0000,0.0000,,,,,,EC_Cmp_pct,EE_Rem_hr,QZVUVblbjESDW2cON55jzA,skPOvSFax0S0JBCUhBBjtw,
55123,27175,540,500,1,N,N,WS_Open,6,Public Affairs,,55111,6,0.88,0.0000,0.0000,,,,,,EC_Cmp_pct,EE_Rem_hr,89p0PVGXJU+l4TDzYifK/A,P6z9gqDERkaYtsq0YZrz3g,
55124,27175,540,600,1,N,N,WS_Open,7,Land Services,,55111,6,0.88,0.0000,0.0000,,,,,,EC_Cmp_pct,EE_Rem_hr,9JRWUtkmQ02xHzMzD7+vXA,6TQDO/Y+REO/7hUxlgpWGQ,
55125,27175,540,700,1,N,N,WS_Open,8,Environmental,,55111,6,0.88,0.0000,0.0000,,,,,,EC_Cmp_pct,EE_Rem_hr,C7hAUdf9g0e4dvrXBbp+lg,lpgNVA6aIUC69/zl0WL3fQ,
55126,27175,540,800,1,N,N,WS_Open,9,Bid and Award - Contracting,,55111,6,0.88,0.0000,0.0000,,,,,,EC_Cmp_pct,EE_Rem_hr,SNIq8TKtQ0Od6Md6su2umw,GlXhc98hLUe2MctYHE61NA,
55127,27175,540,0,1,N,N,WS_Open,1,Civil Contractor,,55126,6,0.88,0.0000,0.0000,,,,,,EC_Cmp_pct,EE_Rem_hr,d7UOQLXyrki1oUzFj7mFOA,aNLB5KxPA0qhwRQKwgJlYw,
55128,27175,540,100,1,N,N,WS_Open,2,Electrical Contractor,,55126,6,0.88,0.0000,0.0000,,,,,,EC_Cmp_pct,EE_Rem_hr,ObDT3N3kiU+q0OWpheyAIw,pSxKuV92wkOmsvHT3utmMw,
55129,27175,540,900,1,N,N,WS_Open,10,Pre-Construction,,55111,6,0.88,0.0000,0.0000,,,,,,EC_Cmp_pct,EE_Rem_hr,mWTFEKcjDUmrjq8g0gt5dQ,YOYSL701zUK9JvJygBHevA,
55130,27175,540,1000,1,N,N,WS_Open,11,Construction,,55111,6,0.88,0.0000,0.0000,,,,,,EC_Cmp_pct,EE_Rem_hr,pTE0gqNHMkuzzhOpK4uSQw,y+KphQ8l+U26s96XwGmWcA,
55131,27175,540,0,1,N,N,WS_Open,1,Civil Construction,,55130,6,0.88,0.0000,0.0000,,,,,,EC_Cmp_pct,EE_Rem_hr,KkZ/94K0VEmj6+86nK7XWA,lovaMLvUDUynEo8QUMJkAQ,
55132,27175,540,100,1,N,N,WS_Open,2,Electrical Construction,,55130,6,0.88,0.0000,0.0000,,,,,,EC_Cmp_pct,EE_Rem_hr,lDnV/tBxXUmXrZKQ/xx01A,WZelWKjkdUGtskv2Nhi5Ug,
55133,27175,540,200,1,N,N,WS_Open,3,Service Cutover,,55130,6,0.88,0.0000,0.0000,,,,,,EC_Cmp_pct,EE_Rem_hr,zBgp7T5nvk+bSS3qSgt7zQ,mfO3gZvEgUi0B2Oc/wwQvw,
55134,27175,540,300,1,N,N,WS_Open,4,SCADA,,55130,6,0.88,0.0000,0.0000,,,,,,EC_Cmp_pct,EE_Rem_hr,gfllC0xds0eMfk1z5M8ubg,Jb8YHbk4P0qv7oSBcfytkA,
55135,27175,540,400,1,N,N,WS_Open,5,Substation,,55130,6,0.88,0.0000,0.0000,,,,,,EC_Cmp_pct,EE_Rem_hr,FTp7CLJ+fkW+bBROSrhbHw,0AcD0/q9GESyG72RoiVidQ,
55136,27175,540,500,1,N,N,WS_Open,6,OH RFS,,55130,6,0.88,0.0000,0.0000,,,,,,EC_Cmp_pct,EE_Rem_hr,Cs2tf5krpUuNXFw067O1LQ,uX8RsWqXr0SFAO0EKhcRnQ,
55137,27175,540,600,1,N,N,WS_Open,7,(New WBS),,55130,6,0.88,0.0000,0.0000,,,,,,EC_Cmp_pct,EE_Rem_hr,Wii13FW3j0uKjmfVqe6i2g,M2hVIBlyQ0yPh/DFq0+lGQ,
55138,27175,540,1100,1,N,N,WS_Open,12,Closeout,,55111,6,0.88,0.0000,0.0000,,,,,,EC_Cmp_pct,EE_Rem_hr,T1HRkL2BN0qk7q+z2oicxg,SDHco8l8ZUadI4ghE2TB4g,
55139,27175,540,0,1,N,N,WS_Open,1,Technical,,55138,6,0.88,0.0000,0.0000,,,,,,EC_Cmp_pct,EE_Rem_hr,5viIU4RpekebYReQEzvRog,5D7ZtQ1VBku9sR+SkX/RUQ,
55140,27175,540,100,1,N,N,WS_Open,2,Accounting,,55138,6,0.88,0.0000,0.0000,,,,,,EC_Cmp_pct,EE_Rem_hr,ifBXe8c8rUWLLz0cuH0nbg,jkHJd667IUmiOHWyykMPdA,
55141,27176,540,104,1,Y,N,WS_Open,P13-1,Project 13,,54780,6,0.88,0.0000,0.0000,,,,,,EC_Cmp_pct,EE_Rem_hr,McDvzYDGgke476DQSLecdg,,
55142,27176,540,0,1,N,N,WS_Open,1,Scoping,,55141,6,0.88,0.0000,0.0000,,,,,,EC_Cmp_pct,EE_Rem_hr,BtQXG21mQkGC9IbbG9qSMg,H28opFak3k2dyjKo9RNJOg,
55143,27176,540,100,1,N,N,WS_Open,2,Planning,,55141,6,0.88,0.0000,0.0000,,,,,,EC_Cmp_pct,EE_Rem_hr,TOjt5Pr4XkqTo0WVXC6zJQ,winIWyNNP0atL/LdgtCCkg,
55144,27176,540,200,1,N,N,WS_Open,3,Design,,55141,6,0.88,0.0000,0.0000,,,,,,EC_Cmp_pct,EE_Rem_hr,VuiEPbc6XUW2FRAtegzQLA,TW/9P2uFT0qUgBLm0ZxDZA,
55145,27176,540,0,1,N,N,WS_Open,6,"Geotech, Seismic and Potholing",,55144,6,0.88,0.0000,0.0000,,,,,,EC_Cmp_pct,EE_Rem_hr,iGwr2/PhDkuy/iA7twXuNw,vLziTa1cIUmPE48KbIJs2Q,
55146,27176,540,1,1,N,N,WS_Open,1,Civil Design,,55144,6,0.88,0.0000,0.0000,,,,,,EC_Cmp_pct,EE_Rem_hr,rPPzZJ9kv0OeFo660B5GQw,yf/7UNhAbkS4qmytI658Vw,
55147,27176,540,2,1,N,N,WS_Open,2,Electrical Design,,55144,6,0.88,0.0000,0.0000,,,,,,EC_Cmp_pct,EE_Rem_hr,0OGC2s+iK0aejFXPPsUsuQ,K6QZ1bdsGEm/vhQInCrYXA,
55148,27176,540,3,1,N,N,WS_Open,3,Service Cutover Design,,55144,6,0.88,0.0000,0.0000,,,,,,EC_Cmp_pct,EE_Rem_hr,YnIRGwx+i0+HDi6Rky+cOQ,XWCOQvtdAkS6ROhPZNJ2Kg,
55149,27176,540,4,1,N,N,WS_Open,4,Substation Engineering Design,,55144,6,0.88,0.0000,0.0000,,,,,,EC_Cmp_pct,EE_Rem_hr,EHssbYJJVESKZKYKIR5esw,al0s0dEpQkO6xkt/m9bciQ,
55150,27176,540,5,1,N,N,WS_Open,5,Remove from Service (Existing OH) Design,,55144,6,0.88,0.0000,0.0000,,,,,,EC_Cmp_pct,EE_Rem_hr,dGCDPD5GzESGzuUANhXR2w,qZnThEWBpkWqoLtkwZRBXA,
55151,27176,540,300,1,N,N,WS_Open,4,Procurement,,55141,6,0.88,0.0000,0.0000,,,,,,EC_Cmp_pct,EE_Rem_hr,mlK7SLtNdkCXZIGrb3s8fw,hsQtxFlIUkWVuCp43CSieA,
55152,27176,540,400,1,N,N,WS_Open,5,Permitting,,55141,6,0.88,0.0000,0.0000,,,,,,EC_Cmp_pct,EE_Rem_hr,PT9S8ZhahkuNQH/EKnleRg,lIRUiXrH6ESrs4XMZjjhtw,
55153,27176,540,500,1,N,N,WS_Open,6,Public Affairs,,55141,6,0.88,0.0000,0.0000,,,,,,EC_Cmp_pct,EE_Rem_hr,O3g7PrtZw0uhh6vCb1OD6A,DJrVTWKNP0m2Kgy3O1shZw,
55154,27176,540,600,1,N,N,WS_Open,7,Land Services,,55141,6,0.88,0.0000,0.0000,,,,,,EC_Cmp_pct,EE_Rem_hr,e/ubNY1vj0WK0nsZIzfCFg,tB8j49/SBE2F05kfZM3ucA,
55155,27176,540,700,1,N,N,WS_Open,8,Environmental,,55141,6,0.88,0.0000,0.0000,,,,,,EC_Cmp_pct,EE_Rem_hr,4WT8WQunaEavi1Ucwl/V6A,BeA8qu/pwEmXVdBQZEiuVA,
55156,27176,540,800,1,N,N,WS_Open,9,Bid and Award - Contracting,,55141,6,0.88,0.0000,0.0000,,,,,,EC_Cmp_pct,EE_Rem_hr,FNZ/FRFlQ0Cor2SAx1zlsA,c1eaPtWYvkOs0zLTlve1tw,
55157,27176,540,0,1,N,N,WS_Open,1,Civil Contractor,,55156,6,0.88,0.0000,0.0000,,,,,,EC_Cmp_pct,EE_Rem_hr,+rsXHUm5TU2Ty012IrQiLw,Qp24BDat0k+Blla+/1fKfA,
55158,27176,540,100,1,N,N,WS_Open,2,Electrical Contractor,,55156,6,0.88,0.0000,0.0000,,,,,,EC_Cmp_pct,EE_Rem_hr,vIsDeRHVqkCa/qPcI7HDPQ,bGr3+0t8d0a57VGP21azGg,
55159,27176,540,900,1,N,N,WS_Open,10,Pre-Construction,,55141,6,0.88,0.0000,0.0000,,,,,,EC_Cmp_pct,EE_Rem_hr,yyuz2GyRHUavAqV88Y3beQ,l0/P+2ShGEexC7pAkvObaw,
55160,27176,540,1000,1,N,N,WS_Open,11,Construction,,55141,6,0.88,0.0000,0.0000,,,,,,EC_Cmp_pct,EE_Rem_hr,FQl+0K1pu0uy0BZbIne7yg,pfRj6NcP2kORwTELuhh6lA,
55161,27176,540,0,1,N,N,WS_Open,1,Civil Construction,,55160,6,0.88,0.0000,0.0000,,,,,,EC_Cmp_pct,EE_Rem_hr,Vh/X3Pn94Ee0FWceDQj0SQ,yewDwuOdUEatAoAhzo4kvA,
55162,27176,540,100,1,N,N,WS_Open,2,Electrical Construction,,55160,6,0.88,0.0000,0.0000,,,,,,EC_Cmp_pct,EE_Rem_hr,XlK6GgDhC0K5roircEXT1A,ias2zPC9okGhOUJikC0mog,
55163,27176,540,200,1,N,N,WS_Open,3,Service Cutover,,55160,6,0.88,0.0000,0.0000,,,,,,EC_Cmp_pct,EE_Rem_hr,rE0ZmgQQaUyvqvWYuPR63Q,2yZIwaffl0G+C2NGN/WdQQ,
55164,27176,540,300,1,N,N,WS_Open,4,SCADA,,55160,6,0.88,0.0000,0.0000,,,,,,EC_Cmp_pct,EE_Rem_hr,t8J5ByRcM02O+RaO/EEg+Q,cyvxf4g9DUyMy+E+SKmZ8Q,
55165,27176,540,400,1,N,N,WS_Open,5,Substation,,55160,6,0.88,0.0000,0.0000,,,,,,EC_Cmp_pct,EE_Rem_hr,FbsaDNMqR0u0W91Ti2izpQ,gOg4fuHYC0ekVMnLdsS3Cg,
55166,27176,540,500,1,N,N,WS_Open,6,OH RFS,,55160,6,0.88,0.0000,0.0000,,,,,,EC_Cmp_pct,EE_Rem_hr,VpBjrYqA6UyIhUWIbYpnRg,kQ90EMOq7keCfeaYj1YNag,
55167,27176,540,600,1,N,N,WS_Open,7,(New WBS),,55160,6,0.88,0.0000,0.0000,,,,,,EC_Cmp_pct,EE_Rem_hr,kkclIfgw6ke5bOgIDnAVBg,FMLO5yzFUUmrbi+FI0rNyw,
55168,27176,540,1100,1,N,N,WS_Open,12,Closeout,,55141,6,0.88,0.0000,0.0000,,,,,,EC_Cmp_pct,EE_Rem_hr,iVV8RPfN1UOC//yTT504DQ,umS22aGIN0qcK6+jt0xZXA,
55169,27176,540,0,1,N,N,WS_Open,1,Technical,,55168,6,0.88,0.0000,0.0000,,,,,,EC_Cmp_pct,EE_Rem_hr,zG2F6HfcW06rWbLUCswcFw,Ca+6Bra8WkqWTwOYIqv/Lw,
55170,27176,540,100,1,N,N,WS_Open,2,Accounting,,55168,6,0.88,0.0000,0.0000,,,,,,EC_Cmp_pct,EE_Rem_hr,RPd5T/mtPk+CNsiYNVFzBg,OWoOVqpzRky3Y1IpyGtF5w,
55171,27206,540,105,1,Y,N,WS_Open,P14-1,Project 14,,54780,6,0.88,0.0000,0.0000,,,,,,EC_Cmp_pct,EE_Rem_hr,i9Bu5oyNtEqILHh6abyS+g,,
55172,27206,540,0,1,N,N,WS_Open,1,Scoping,,55171,6,0.88,0.0000,0.0000,,,,,,EC_Cmp_pct,EE_Rem_hr,huUpLyJ4S0Oh30AZMAlgkQ,Da4Sq4apm0Klam86u5pJPA,
55173,27206,540,100,1,N,N,WS_Open,2,Planning,,55171,6,0.88,0.0000,0.0000,,,,,,EC_Cmp_pct,EE_Rem_hr,C0xK+sP/SUul3DEiGUovVQ,9mJVbYN8i0iv66YWp7yrkQ,
55174,27206,540,200,1,N,N,WS_Open,3,Design,,55171,6,0.88,0.0000,0.0000,,,,,,EC_Cmp_pct,EE_Rem_hr,tIV/adiDFU+ycDazC3xZjg,F2+3m6Ri1kW7rZ/muePv+A,
55175,27206,540,0,1,N,N,WS_Open,6,"Geotech, Seismic and Potholing",,55174,6,0.88,0.0000,0.0000,,,,,,EC_Cmp_pct,EE_Rem_hr,kC/OoeN5Bkyh7y0bW2SMpg,kY7F8vo4h0iayojj5TsJQQ,
55176,27206,540,1,1,N,N,WS_Open,1,Civil Design,,55174,6,0.88,0.0000,0.0000,,,,,,EC_Cmp_pct,EE_Rem_hr,aj7OtE9yDUCXo5S1CsbcmA,rkhFIa7F0ky9/XJ2xv979Q,
55177,27206,540,2,1,N,N,WS_Open,2,Electrical Design,,55174,6,0.88,0.0000,0.0000,,,,,,EC_Cmp_pct,EE_Rem_hr,2iCcJiuAN0iS32KBvn6HfQ,YcH8z5D5e0aNp6/Id8++Bw,
55178,27206,540,3,1,N,N,WS_Open,3,Service Cutover Design,,55174,6,0.88,0.0000,0.0000,,,,,,EC_Cmp_pct,EE_Rem_hr,pCziGRrIMU6YdsBl/OLq1w,V2kXKTE0YUu2i/hbXANQgA,
55179,27206,540,4,1,N,N,WS_Open,4,Substation Engineering Design,,55174,6,0.88,0.0000,0.0000,,,,,,EC_Cmp_pct,EE_Rem_hr,PZ7GKTOoekyF80E/2vpSNg,68qwChDJLEKBymp4thJoog,
55180,27206,540,5,1,N,N,WS_Open,5,Remove from Service (Existing OH) Design,,55174,6,0.88,0.0000,0.0000,,,,,,EC_Cmp_pct,EE_Rem_hr,rD+4wx83HEuhKI7kW+adbQ,43zcqh9H1UKOm/esfsYeZg,
55181,27206,540,300,1,N,N,WS_Open,4,Procurement,,55171,6,0.88,0.0000,0.0000,,,,,,EC_Cmp_pct,EE_Rem_hr,fhXQoHhmMki/Q304729fjg,qx46Zh2AjE6CKaE0aoVqKg,
55182,27206,540,400,1,N,N,WS_Open,5,Permitting,,55171,6,0.88,0.0000,0.0000,,,,,,EC_Cmp_pct,EE_Rem_hr,5A3JkpVLHEOqwoBZzvymug,lHgbI5qv3kmJbceWA8LPVg,
55183,27206,540,500,1,N,N,WS_Open,6,Public Affairs,,55171,6,0.88,0.0000,0.0000,,,,,,EC_Cmp_pct,EE_Rem_hr,60zS7ichUUaJqvmIlGTOWg,Af+dRidStkangI6LbUgchQ,
55184,27206,540,600,1,N,N,WS_Open,7,Land Services,,55171,6,0.88,0.0000,0.0000,,,,,,EC_Cmp_pct,EE_Rem_hr,OgvghfOu/kqsQTXqtvw4BA,2HlskdzGfUqDsR9f7yWrVA,
55185,27206,540,700,1,N,N,WS_Open,8,Environmental,,55171,6,0.88,0.0000,0.0000,,,,,,EC_Cmp_pct,EE_Rem_hr,zvSbetcHH0STSOhhb0k67Q,Ho0Ay4LMBUa3042JXzmglA,
55186,27206,540,800,1,N,N,WS_Open,9,Bid and Award - Contracting,,55171,6,0.88,0.0000,0.0000,,,,,,EC_Cmp_pct,EE_Rem_hr,O7AX0fkmrESWoIaPz/MyVg,CFRd9EHvcE2tdqQuwHzJyg,
55187,27206,540,0,1,N,N,WS_Open,1,Civil Contractor,,55186,6,0.88,0.0000,0.0000,,,,,,EC_Cmp_pct,EE_Rem_hr,p85OE5+elEONEJrIkDY06A,35CHTusClkKtIsXLSNkLXg,
55188,27206,540,100,1,N,N,WS_Open,2,Electrical Contractor,,55186,6,0.88,0.0000,0.0000,,,,,,EC_Cmp_pct,EE_Rem_hr,Oqv1NlvrBUyIOF5Iw59iVA,IP/IzxyMjE2B6GIDwERmGA,
55189,27206,540,900,1,N,N,WS_Open,10,Pre-Construction,,55171,6,0.88,0.0000,0.0000,,,,,,EC_Cmp_pct,EE_Rem_hr,5OGYZljCWUGJcXiSD8kKHQ,PaIHIlbjhEu3mojpLANnkQ,
55190,27206,540,1000,1,N,N,WS_Open,11,Construction,,55171,6,0.88,0.0000,0.0000,,,,,,EC_Cmp_pct,EE_Rem_hr,eNpMlTf3yEuOyCclsFAufw,KzdobpPJ3kmCcioCNMzXrw,
55191,27206,540,0,1,N,N,WS_Open,1,Civil Construction,,55190,6,0.88,0.0000,0.0000,,,,,,EC_Cmp_pct,EE_Rem_hr,a6YNmK0X5kCs62r+RsvmIQ,P32Fa1mw90Wf3PU3oWiC1w,
55192,27206,540,100,1,N,N,WS_Open,2,Electrical Construction,,55190,6,0.88,0.0000,0.0000,,,,,,EC_Cmp_pct,EE_Rem_hr,c2i8j2p9Wk+3Lx0tvR3YYw,CQv9Hc/v0Uicjve2IdspTA,
55193,27206,540,200,1,N,N,WS_Open,3,Service Cutover,,55190,6,0.88,0.0000,0.0000,,,,,,EC_Cmp_pct,EE_Rem_hr,n3gTpLlQ4kSEMjHamATNeg,kK60KmkxO06MM9ehrFjeyA,
55194,27206,540,300,1,N,N,WS_Open,4,SCADA,,55190,6,0.88,0.0000,0.0000,,,,,,EC_Cmp_pct,EE_Rem_hr,bRHtGtoY8EaIowcxDZu+2Q,4/jRhcbBvkWIi2yGMJoZHg,
55195,27206,540,400,1,N,N,WS_Open,5,Substation,,55190,6,0.88,0.0000,0.0000,,,,,,EC_Cmp_pct,EE_Rem_hr,+rQ4Xna2/kO5DoQkd8cncQ,YifQ17EZg0SW8zOqF0rZnQ,
55196,27206,540,500,1,N,N,WS_Open,6,OH RFS,,55190,6,0.88,0.0000,0.0000,,,,,,EC_Cmp_pct,EE_Rem_hr,9200NcfAYUG95N3SPx+keg,h/Eho+KnpUqNSLl8LQR0SA,
55197,27206,540,600,1,N,N,WS_Open,7,(New WBS),,55190,6,0.88,0.0000,0.0000,,,,,,EC_Cmp_pct,EE_Rem_hr,qiS0JVZ+Vk2Rj6lwrdFr3A,7Wxly+QeCk+LNDyWTylAjw,
55198,27206,540,1100,1,N,N,WS_Open,12,Closeout,,55171,6,0.88,0.0000,0.0000,,,,,,EC_Cmp_pct,EE_Rem_hr,qCTFuXYxiECJYonXtZ2HqQ,AnKnfQn2PUK0BvNZGhKFsw,
55199,27206,540,0,1,N,N,WS_Open,1,Technical,,55198,6,0.88,0.0000,0.0000,,,,,,EC_Cmp_pct,EE_Rem_hr,NvSxEfG5oUSINY5gGFpolg,Yk/kOM2oX0KTXhie/TAZzw,
55200,27206,540,100,1,N,N,WS_Open,2,Accounting,,55198,6,0.88,0.0000,0.0000,,,,,,EC_Cmp_pct,EE_Rem_hr,6/UHrJ9yFU6STvRpIrcn0g,acEr5qq/XUKrcoAQ2OTihQ,
55201,27170,540,106,1,Y,N,WS_Open,P15-1,Project 15,,54780,6,0.88,0.0000,0.0000,,,,,,EC_Cmp_pct,EE_Rem_hr,keAxlswqMkuK537dD6WAQw,,
55202,27170,540,0,1,N,N,WS_Open,1,Scoping,,55201,6,0.88,0.0000,0.0000,,,,,,EC_Cmp_pct,EE_Rem_hr,h9WfQm7Myku77cjAPBw7+w,3S+w3C6P7UGXjw4orsKnDQ,
55203,27170,540,100,1,N,N,WS_Open,2,Planning,,55201,6,0.88,0.0000,0.0000,,,,,,EC_Cmp_pct,EE_Rem_hr,eWeZyInuPEWYv4pa4uRPCg,v4MAe503PkOwRvSB2ibpSA,
55204,27170,540,200,1,N,N,WS_Open,3,Design,,55201,6,0.88,0.0000,0.0000,,,,,,EC_Cmp_pct,EE_Rem_hr,ie7fKDK/rEOppyo4I8aNBQ,2RsdD5nu3EOQbMJaBfNQ6g,
55205,27170,540,0,1,N,N,WS_Open,6,"Geotech, Seismic and Potholing",,55204,6,0.88,0.0000,0.0000,,,,,,EC_Cmp_pct,EE_Rem_hr,PEsbkTTlT0CvKy6hp3cAug,mvJpOAuKZEac9wluyO7dig,
55206,27170,540,1,1,N,N,WS_Open,1,Civil Design,,55204,6,0.88,0.0000,0.0000,,,,,,EC_Cmp_pct,EE_Rem_hr,RYImnVXcYEiSDJTMKIN94A,74PoAWoqtUaZ8gsDxkkqFw,
55207,27170,540,2,1,N,N,WS_Open,2,Electrical Design,,55204,6,0.88,0.0000,0.0000,,,,,,EC_Cmp_pct,EE_Rem_hr,b7d3B4J79kGyA6apSGRqQg,sPFcZgaAhkOGRovQLTrxdQ,
55208,27170,540,3,1,N,N,WS_Open,3,Service Cutover Design,,55204,6,0.88,0.0000,0.0000,,,,,,EC_Cmp_pct,EE_Rem_hr,zEa+pqSnpkqArYLv0iq8Kg,YpCfM9JitkihgWE15ETLEw,
55209,27170,540,4,1,N,N,WS_Open,4,Substation Engineering Design,,55204,6,0.88,0.0000,0.0000,,,,,,EC_Cmp_pct,EE_Rem_hr,RW6j2WT1jE+w/eD4jW7i2w,ZNmb9RdzcUa3LSAj4Ebldw,
55210,27170,540,5,1,N,N,WS_Open,5,Remove from Service (Existing OH) Design,,55204,6,0.88,0.0000,0.0000,,,,,,EC_Cmp_pct,EE_Rem_hr,N2DPTDyJeUy04OKsfbsurg,xNEelTJVK0C5F6a19obtuA,
55211,27170,540,300,1,N,N,WS_Open,4,Procurement,,55201,6,0.88,0.0000,0.0000,,,,,,EC_Cmp_pct,EE_Rem_hr,9exgIafOTkK8RzAn+tTobQ,jWUj9AUo6Ei4clmeOanNzA,
55212,27170,540,400,1,N,N,WS_Open,5,Permitting,,55201,6,0.88,0.0000,0.0000,,,,,,EC_Cmp_pct,EE_Rem_hr,GkKs2pPaV0OGMknoZ2dplQ,Kvm4glFdzEGZvZChzxlt+Q,
55213,27170,540,500,1,N,N,WS_Open,6,Public Affairs,,55201,6,0.88,0.0000,0.0000,,,,,,EC_Cmp_pct,EE_Rem_hr,HphUMfKwBU+dcpt9iqYV7Q,rpTXxr6myka1Q34I/da5zA,
55214,27170,540,600,1,N,N,WS_Open,7,Land Services,,55201,6,0.88,0.0000,0.0000,,,,,,EC_Cmp_pct,EE_Rem_hr,+HrE7MN/akieYNKZHLkxJg,N3FYonw+e0azFKS4RmGnKQ,
55215,27170,540,700,1,N,N,WS_Open,8,Environmental,,55201,6,0.88,0.0000,0.0000,,,,,,EC_Cmp_pct,EE_Rem_hr,VawMXwB/50ayx8PwI9k7gA,N5icsgNqikK5mAU+wv0iWw,
55216,27170,540,800,1,N,N,WS_Open,9,Bid and Award - Contracting,,55201,6,0.88,0.0000,0.0000,,,,,,EC_Cmp_pct,EE_Rem_hr,XglatRSdhUiFbDzVJiOj9g,AK0CJsSpeUOHCZyu/RLGwA,
55217,27170,540,0,1,N,N,WS_Open,1,Civil Contractor,,55216,6,0.88,0.0000,0.0000,,,,,,EC_Cmp_pct,EE_Rem_hr,9RDEg7gDh0eIWq4cRLqGYw,dnGN7iZplEeblr0JcoecMA,
55218,27170,540,100,1,N,N,WS_Open,2,Electrical Contractor,,55216,6,0.88,0.0000,0.0000,,,,,,EC_Cmp_pct,EE_Rem_hr,WhAxMENlqUu8t0sMHRs/cQ,LTdnWB3lSky89KLS8Rw7ig,
55219,27170,540,900,1,N,N,WS_Open,10,Pre-Construction,,55201,6,0.88,0.0000,0.0000,,,,,,EC_Cmp_pct,EE_Rem_hr,E45sU5G+Z0a2hxW2ezik0w,qieDA93Cq0+bkdMqlnvrRg,
55220,27170,540,1000,1,N,N,WS_Open,11,Construction,,55201,6,0.88,0.0000,0.0000,,,,,,EC_Cmp_pct,EE_Rem_hr,Z6FjgLMKNE6EHirUGCb82g,yHbS5GnJEESh9z80L81RAA,
55221,27170,540,0,1,N,N,WS_Open,1,Civil Construction,,55220,6,0.88,0.0000,0.0000,,,,,,EC_Cmp_pct,EE_Rem_hr,LgQj63M51EWuxuryURBSpg,rPk47gMe3E2GqT15Jektsw,
55222,27170,540,100,1,N,N,WS_Open,2,Electrical Construction,,55220,6,0.88,0.0000,0.0000,,,,,,EC_Cmp_pct,EE_Rem_hr,rzKQ+lVkaECMAg0bvY7Vzw,UXkwy66+QU2KzME7MP2ypA,
55223,27170,540,200,1,N,N,WS_Open,3,Service Cutover,,55220,6,0.88,0.0000,0.0000,,,,,,EC_Cmp_pct,EE_Rem_hr,Ps9Zk0Aa9U+/wk4upzBnmQ,T0/dzjXBZ0KQrKMzvj9edQ,
55224,27170,540,300,1,N,N,WS_Open,4,SCADA,,55220,6,0.88,0.0000,0.0000,,,,,,EC_Cmp_pct,EE_Rem_hr,1HUMMOdIu063F7EOVtM1RA,BJTCyi6aD0ive73yKgX6Xw,
55225,27170,540,400,1,N,N,WS_Open,5,Substation,,55220,6,0.88,0.0000,0.0000,,,,,,EC_Cmp_pct,EE_Rem_hr,Uq2K3ObSVEKpp7CHT+R6uA,mgexHwqh6U281FYXCU5z9Q,
55226,27170,540,500,1,N,N,WS_Open,6,OH RFS,,55220,6,0.88,0.0000,0.0000,,,,,,EC_Cmp_pct,EE_Rem_hr,qm0Mm2hi0EecsrJ8Grv7rQ,KQi2PgIbTk2/xgRY9+CbWQ,
55227,27170,540,600,1,N,N,WS_Open,7,(New WBS),,55220,6,0.88,0.0000,0.0000,,,,,,EC_Cmp_pct,EE_Rem_hr,Uh3uXi/5m0+KFPGgROpGXQ,tM7fHfBOeEa1ARGXVwIISQ,
55228,27170,540,1100,1,N,N,WS_Open,12,Closeout,,55201,6,0.88,0.0000,0.0000,,,,,,EC_Cmp_pct,EE_Rem_hr,GtVTG9L6gkKJwDCUU6+Eag,7LbEK6bOAkew7fU6noJpUw,
55229,27170,540,0,1,N,N,WS_Open,1,Technical,,55228,6,0.88,0.0000,0.0000,,,,,,EC_Cmp_pct,EE_Rem_hr,mAguztbj+Ea7Uo7iTSm7vg,BIg4PCy+G0ehMt2xEvXfcg,
55230,27170,540,100,1,N,N,WS_Open,2,Accounting,,55228,6,0.88,0.0000,0.0000,,,,,,EC_Cmp_pct,EE_Rem_hr,NTlPihGmvU+HDZe/vIo0nw,P4n1Re1uR0S+Z7cFyoLE6Q,
